document_id;classification;published
c03e30bb9a19d5a24fcd1cc88f245171;4;True
f1cace3f522a7d7072d46b443336b7f0;4;True
3d705ef7bee2de856e545e352a5325ec;4;True
189d4bc5378e11884eddeecec9304588;1;False
b4825922d723e3e794ddd3036b635420;4;True
170d3cbd8c0f867b342ac35b29d05ea0;1;False
01628a243b61ec0f067b62a8f7ac2f00;1;False
b93adf5f5c1bd31e26ca7306e8b91a3c;1;False
a719b36ae0cb229662c706f2482970da;2;True
c3df215cf3f4553e55c0ba02623ab9b8;4;True
294a8bcdf25bc118eb0eab928c12e3e3;3;True
eadf729092cb16cdae7b6ebc3f4ccf53;4;True
7ba2141f2f1a4847a837f0062ceea223;4;True
5523dd9af6e1488fbad9e70b5c67f347;2;True
ca2038acb6ebd6c86da5898ccf13778f;1;False
90d628bdf63f2be8b8f77f9e239584d9;1;False
5d6be3bb7bba44492be843522e809716;4;True
64831a89084fc89f1ce7614695057b66;1;False
47f0244bc812ef421f9ed8b9d93c852d;2;True
ebde783fb7dd6cf144e27f1a75338465;2;True
09f181f5a9b38de7ed5cdd9fc100eb46;4;True
e4543443b9592684c95c04c728f66e1a;4;True
f7e70e7abe7c51bdb0cb6957b08fcb3b;4;True
377a105dd44c44dbc5d75c30509af9d1;4;True
1497f41d306047a67f84e1c4d767a614;2;True
f03887fe117453566d55680a53cb4555;4;True
19f511c4d1699d76bc64de245decff90;3;True
1c4987ea6a19d1840e55a5b6222d434c;2;True
07a135fa0d07c49e0e6cd47810003dbc;4;True
91c51fbaa9a56f82c546d3c21f5fb578;4;True
c0e00035dc603ec9ae8a90a2ac2283b2;4;True
704a10d5f79155bd314334189950e4f8;4;True
ec1b4a4ee9f6359c6c2c003b796d191e;4;True
dabac6f90165248f2e7968aab139bc5a;1;False
d52c3bf565927c825d3df28f02732d0f;4;True
ccf6adb644db4659841674c3c44317e2;1;False
800b804a4d5982f647d41dd35f34724e;3;True
993070b24b93d19305abb85e07f4921c;4;True
ee80f0e0afa1b166d9237260f9add15b;4;True
5a6c450590a545ddc90de333ea4ad5f9;2;True
6fd5b1d2b8346f32dbad9a7a9fc0190a;1;False
c2af7f0ced809aab4d5000ac89b8409e;1;False
b7fd217a80003749fb99bc0aff70d1b1;4;True
533942671f0909ea7bf8cf406545f95a;1;False
a7f54c58f810e2ea9f95ec28aad08f8b;4;True
fae4d6ff89fa6aee876d05bbcc02e859;4;True
beb30cdc3060b9c99a838e8ab53ad4fa;1;False
f7f838220c6419f5a93c204acdecb326;1;False
92879867560fe876ae96ee114ed413a7;4;True
5830b4b4ad5bc60712a2c690aff8a930;4;True
1ad1645a7df2aa44aaad65a8dc9af6cd;4;True
bda13df4be5d27e87d26d764f878b728;7;False
9061a068beb2f5ccee01559479d56b81;2;True
cb72170a28df55a7c468790aacef483f;4;True
7abd567addfa19b36c6366c64802f5a8;4;True
a7d555bc3a91f1cec862e1d5da86664d;4;True
a251d39c3f59c9c69128a7903b02282c;1;False
a51af7c9f45e2ff2033fa12d93f3ece5;4;True
b81fbf7b978379a61b32531f17f437e3;1;False
c60945acee635aab7006879855b39697;1;False
5a8a0b22cd67c136b81d006f0ac194e9;1;False
a26f66f3a1a510d57c61318c04854b06;1;False
9779ff57fe5833f8629649d936e83a35;1;False
f08c96caeb183d94142bdbe99901286d;2;True
41bf45b426ade60a358b0cc777a6aa04;1;False
dc3ad7a99c8ec2ec9596145597c291ba;1;False
02da28d6cbad796f59478c920c65132a;4;True
dc8a497f56deda2bf6e0b3610e8c6ed2;1;False
cf5cff19e4964e927f5c3c4b38d2799f;1;False
c78c0acd9ba70cb14c47cb7c430947d1;1;False
f726904493a69cc0d2398443a7af02ca;1;False
acffaa8c7536043660626e0a166cd81e;1;False
2dfbeee0d9936b16b2d5405a0a3bd445;1;False
11c35c8372cbf15bd041eb90f921571f;4;True
462926e97f3d1b690a8a4c4c4d292faa;1;False
86ee3459cab1d21e29d96a9760c2c439;4;True
5ca70260720e13f72265953b4a071c3c;1;False
5945f016eae7e4229d5fa6c8275f8533;4;True
8547937096f8e8619534cb19bf11bcac;1;False
d6b2a5b7dd2287caddea6aa359e3e189;4;True
42b6f3ab5325cbee0ae100cc979df1c7;7;False
5f122ff59ba84579a2c8e55dade37558;4;True
cdd01b412c527f68429d46951caa886f;4;True
b3284cd6ccb91ada94e2548f068f9d1a;1;False
5caa1969d998530e9103e0fed58d0f89;2;True
23bf3c448554648a00cc6421340d9214;1;False
b442571b60c7f6bc450b621b3641cb27;1;False
8bec1ed36232a9b9b99ca2b508b47b35;1;False
e5b6d96688db590b7af736ec2a21d3a5;4;True
4eaaacffb64cf47c5bc29670e496e936;1;False
c773e47a763dc67effebac036d744c08;1;False
42787acb3d166879da108d9846596948;4;True
2b031cdcf6f6d05dd5a9cdabe7021f31;1;False
cba4116ce659a7ec02999768272f5a0d;1;False
79de64664dc7a05079049b6f2ab47e41;1;False
c257a618e36a990c11ee5d0956fbedac;4;True
67e25b80ec8bbcb211ab6f33da487a0d;4;True
0db714d98031383bbf0612601857e6cd;1;False
be3ba0a1d05864d54ef44ea88633eb4e;2;True
9bad56861e6ee02863249f78bd2895c5;4;True
324e665d465c1ee6ed3bb6b1eacec442;4;True
c63bcdd3e5b84af0760ed0480fb97109;1;False
58300401f1d2cf3a1de71cff00c4bc8e;1;False
81b3a8df9296fa35efb951501649d1dc;1;False
dfc79ccd1d629a3c26eca169a4259b2a;4;True
7e1df6033c28b352496f405b0f92bed2;1;False
2ef6fa09a25108bc3b4e940ee50cf37d;1;False
1ccce0799f42bfb9930d3c7b97ad3305;4;True
833788f21c8a655c6d940eeadd8be7f9;3;True
2eae80486026d784fccba701adc8eb4b;4;True
4c22797dc5ad191b74f822718a65909f;1;False
1379a565db8e8f5051d66c811faa8f75;7;False
084f86fea6fca3344d4c2fae95507605;4;True
7f3efd29afa323d64ad2ea6ab9f90351;2;True
d65c4257c208daa0e28a26bc7432f643;2;True
972bb9eea0e5ae6d713c99a90795c804;1;False
a97659bb459f99a08c2f55d95f75acc6;3;True
2bd6b525cd305024b816a5f122943c37;1;False
5d015888426bb649f3ed79ecd35baa30;1;False
05ddf39c402df1832568b4c033ea7066;4;True
3062070071bf2ea1f8129094b9774201;1;False
f2e6a8c63b99030fb92942f2b3b5ae76;1;False
42eea28c5f25cb40ce13119e693a2f8f;4;True
ba997715696f524eb8d50efdb18a4b5e;1;False
665a764f0d9b1613bc60664270d031d5;4;True
b22ce23cc19fb9d36a10182fe26d1dcd;4;True
4b4e00b4d0a82f72a1c25145b0155bf1;1;False
38d465d7501cadd3e55f55a1d4d61b7b;1;False
5f40407d7546cd77da83f5b7ef447855;7;False
acb2c92bfed81307a7905e47640f3462;4;True
d6cd3c08d9141c7d2ef4750b7dbe0c32;1;False
245f39c1ba2a02ce6ed0003a6eda016c;4;True
e2997e186452caa16d7a1b4fb649f262;1;False
a3ee8904cde89795566c4bb38d626348;1;False
bc1f629a073d4a59bd9fc5de8c3d3318;1;False
2ae9bf1b5b6304b304680539f0c2c479;2;True
b3cc1b81e5e993aab7f8cbefe3eb9b62;4;True
99ce57e268b6a1ae455cf8b151776bd1;1;False
c2c0e7dc265d23336445302de5b2c153;1;False
dc2f70abe9a81abf7900062a6bbf2c73;4;True
5bf2501bc4de0bc29f53e31f255714f0;4;True
c3a8f9a3cad4fa8410df343093d0ccef;4;True
5c3d6d8fbec6b61644f87989a00b68ed;1;False
df07b68cc98b4b0e84fb31769bdf6c77;1;False
ec19744b68ebb0bddac74de57d08b786;1;False
0d041d5ca5a3e0ef36c3d7e71e3b436a;4;True
11514bff6b28ab0b35a629ff3053107b;1;False
d36ebc7546a7623c548b9e2f0220f9bf;4;True
66b3190fcb1a408397f63bc2566552e8;4;True
eda3c0a551fd02d1c48c6d049f430fb5;1;False
b56efd2298d55fb9ecf07ab0968dad70;4;True
221f4611780c0ae10771fd707c3f229e;1;False
4c3d0f7994f9a9c9c02627cc0b3e62d1;6;True
1bca0ab66e2db73883fce287878054ed;1;False
a9e0db397b2e8b95931bffd8a56d5c18;4;True
57a9d0eaa67a6f190d8669693a5d5b39;1;False
f41d85f790ac6c88d3d66cd876ff0b85;4;True
78b0b31e3e1959e33bf85b5e93c205bf;4;True
817123089e24dc59400616e55b625f9c;4;True
2343c78f51730edb9526bd8ec9feecab;4;True
d29eae11322819b66d312080f0b79c45;1;False
c93c67dec6bbccb752a28bd67234c013;4;True
f4ae184b6e408f404f44043d270305be;1;False
c09f5272a5977ecf1c08b2f96aa92769;4;True
d659934e59b496a11b7bffb22eabbba9;4;True
586699b6e17bee4dfc3fae4fe8ca46de;4;True
7ebe36339e0bd9fb99d1001f8a2d48d7;4;True
b1054f5600fafd3c40c69d06366a788a;4;True
601a8ae9adbf06790b045fc2180403c8;1;False
fdc2473acf68e5b14502356cbfd7e6e6;1;False
782dea5481ce5a618f9c2018a7f82291;1;False
76ee11104f97d05592728a76819886af;1;False
6487721de7c5bd3f50257e8931020606;4;True
07bea47871ed05471345b43123c36787;1;False
19eefc8dfc7b1a48c76204d49be225cd;1;False
9f5832a1a3eec3ef2266e523f85c4322;4;True
794facc66d27f24548ee2f549c940bb0;1;False
181d7b216b708dcaa928d045db9ac533;4;True
8d072fc27449b5637453d45a9d75e2b0;2;True
0d388cd77c8adaa0dfda4c37fa560ea3;4;True
b3bc5f90b2f95cfc7ae07a7993a8245d;4;True
1d37b3212c1b5310ba094ec3771e096f;4;True
915a0b199e72a0ed71a2c7c70c3864bd;4;True
6032b50d503896c3fd7d9cd31d2e0447;1;False
f780b6fe9fc8663edb57fe35efb5d3cf;1;False
3ad1cdc9958befa32a96a8bd8d109e6b;7;False
6cc774f865f81f5eac3aa7472c154863;1;False
6c506f152cd07137efd288593cbffd20;1;False
ec6c670e5ef6bf7d7410c6d6a898783a;1;False
726e8038a92683b87da0d3be02bba6f8;1;False
38f06ca16328a4bd7e612ffd1c4b7ee5;4;True
b46cd5487e3ee924a16c450081385054;1;False
10472a5cc8189b85f8e5cb4992eb5e27;1;False
9684e625c2383f6cc153b7df21d7e2d4;1;False
6a8a613fd603840464d86eb8ffe1832f;2;True
a9befca62636a6ecd35e26ef34fe3d14;1;False
0f74b2595619c8e58df07d7678d0bac7;4;True
f967231d72b895e69328aa496f0aabe5;1;False
70d5e7dbec02855b5f1dc3b150561517;1;False
96f465fd9057f87286768dab16e5a3a6;4;True
dfa3ca564d27c29d0162470c0387592c;2;True
0e680960dae616bf57206f7d248cb5d9;1;False
6f1628a48e22e133e1112133a372ab90;1;False
edb39ad8d177b907647e17c501a5d952;1;False
9653c48cf17573e54238f751d72b3549;1;False
f63723b6fd07eac46d00e4feeb1dfc11;4;True
88fe193ecb82d3a5bf99ade6e3b6c181;1;False
0e460dae3d7ea24bb87a7b7c06b2597a;4;True
a9fe171d4c75d82952c56baa9077660c;4;True
1ca4340045e79da46a780e87e550d54e;1;False
ded60315160a71353b337ac834d7e5ff;1;False
8206deccaa88ae2939cdf656d9ba2c98;4;True
7047dafc15678289679c8e1646521de5;4;True
960a7a32fda61153cbb70fdeaeaceb52;4;True
97e03be97a6b560fd1e440eefd686047;4;True
059600524e5fa4fff9c72854ae7c70dc;5;False
d9eebb93c161bb0131245f80e8ccc0b3;1;False
97ae6e945b79648146316df26fd40b62;1;False
50112228648344fb4a2769230ce84478;1;False
cb38a3436fe1c0c9925444a27739735f;4;True
b1a1e2d9f0ee0a03b4a9d1ae3b9a64f6;1;False
fb6cefd957011786d282207c6b8b0a79;1;False
005dfc1c17ead60647316996758657cb;1;False
8a577d56844f497755ebcb2f2310fe71;1;False
d2df582142ec6c641172eca265b828b1;1;False
0cd8050510f0ac42d53abb7c32f46c28;4;True
4a0bc69b29cdc8a3cc5db9a5d6884d71;1;False
6b5cb26281ad95dd3b5e7af21685a70b;4;True
bc661c71e85079604e01510975cd7b16;2;True
d1be25e9fe083d925b901322f58cce50;4;True
a36b5399dfa040cb9b13dd14fb0641c6;4;True
de66b8f272fbfa2823bd6abf54407272;3;True
18111af931025656bdf4581bd27b268e;3;True
5f4468cfc915fca902e6b4677bc6db2a;1;False
56c7aa5427fa26527b5073f2aff932c6;4;True
bd613a7d5de70d2fe01ed9ef5bf29411;4;True
381cd79b28e4958ced79873d02100403;1;False
c6196408ba20920568cdf3d32db57979;1;False
9da655887462ea26bf4551b145b9dde1;4;True
87c2c623a9c84e643fb69e019f0431ba;1;False
08074d87683b942209b1e2a3da2f6899;4;True
2559d85fd6a601e50545602d0d923e8a;6;True
1deb3bda4ba19718376515b4a994adfa;1;False
2e3593a8849ce02a5431dee0dbf61ed9;1;False
af34b841fea534b0eb921bb9c8091b0f;1;False
26d3adda46b9c565d327d8d810e6151a;1;False
e33e7c75475d7073160d6058053f83e6;1;False
058bbdee48d5f0d506e10def942c2241;1;False
2443068a0746c069c2c99ea768ec112a;1;False
9856c93809e66576dd2f16e7e5e371b8;1;False
cc0d7f4f4db6e3a0b35e8c84cfb9281c;1;False
3e1aa1373abe052d0ee7b5418081f308;1;False
7b445d142b9adc510c0934ae3977d552;1;False
df43d14760fa59f5a624fa11f962cd29;1;False
fb534e3fd0fd99d03a3fe2f58c291fb7;1;False
d521d4ef863badf1157d1b843081ba28;1;False
58342307da54552aa25da3c85ae57f0d;1;False
12f387d8adc39085f78cead3f9f7a5b1;1;False
aa2249e91428fd6804b4aef4281fa166;4;True
408b317a1dcdc9454cf1418803cd7773;4;True
9b7e84d42301ace14d037c368b9e7727;1;False
1e55333f8d65f339beccb7a64c5be4ff;1;False
e8c4b7252267ef85975d0e3b5e5e90bf;1;False
233f20412ac958e908a45ad68da8e2ec;4;True
4406a3ed0d2ca68f5481de9f372034c1;1;False
383a7dd01be3e9ff85e1bba760506bfa;1;False
a75d7757a9c31c9dab10c2c8e4c34f89;1;False
eef84c83a4a5e834333c8e72c693401b;1;False
34a38fbfbcf25b3ebfd8145dadd603cf;1;False
5832b5d9ac46fd3f0b5fbf4a7d81739b;1;False
e066e6eabec71f93d6aa4ef747ea576a;1;False
6c06bccd991451dd11063519d9c8abca;1;False
5ed0dff404c6a4b057196115d46315b1;4;True
cc17fb8eaf055e2c8224eaaf3c10145c;4;True
fd9159a1a0c120fb399a8e27dadeb64c;1;False
96f4b9c4e32cde89b5ff978c9cb1fd0c;1;False
050b386918277dec5e01c6aaea426d6a;1;False
c0c19a68d3e54e98dbbe839f1da12a48;4;True
b4610d02c99e9c27742441d36655f1ba;4;True
054aba77c65a18d02f8f8b04056137bd;1;False
ae62db8af608875a1b902729279f38cc;1;False
c56ff0bd60054c57022d9a8ca955c122;1;False
777d3d92cff85d885b2eb8dc8fa5426e;1;False
7e0d6b7f676f6c246ed4a09352f2ccfa;1;False
4d1edf0c45ad5fdaa6156fff97d16cec;4;True
85d443b3e77ca38866a8dc60e76b4a47;1;False
becc98113558ebb3a3ead205d449cfd8;1;False
5ea39e1ba08fb05acc9e15221fea2431;2;True
57cd9a11a2d25393ae663cc1aa7d9eb2;1;False
eedec515b7c9ddbbe7d451c46e9f505c;2;True
6ab995fd382b7c50d407f43a7fc8064b;4;True
9a2f76c8d5962e4d942bbad892dca88c;1;False
893a607973a238f5c9cc8e448bf8494f;1;False
e24f5f54964b20a5d867c3ab9effad4a;4;True
005e097971bbb79e13fb3e9ba13ea36d;1;False
be0a691da4544b26efb05d4768d5acf4;7;False
394ce5b456e8ca906fecb98e894a0eb8;1;False
83cb99f8bf3ee0b776246d75d91ff2da;1;False
7b83c52e99f9eb16515a9c41443bca24;1;False
b619ac3fff32248a29e29e594b9bb18e;1;False
4efc7946dbe89c720803b7382faddcdd;1;False
10c8218473cd6878520a8c332328f828;1;False
859b26336ff97611347347fef291d2ae;4;True
f6a5bba6720e467139a002c36066c0b3;1;False
7e44161aadbbe6caff3c6247dc5e61e3;4;True
f1dfc962076e1f7f89cdaf8efb5cb314;1;False
57e90e865c8c10b187894eee817edf6c;4;True
a305e412376dce6f6ce26fec1e029606;1;False
7f9cbee9bc90ec18910601af099951d1;4;True
ce16eb65711550baf51e2120165b63d1;1;False
0f1f5847c3f7c63e2c2ea59566d93c69;1;False
118ecd24036c4d95f3ba60a75aef65a3;1;False
6819ec2f03cf32a1dd3fe3d535d341b9;6;True
6aed9f6b8ab92395cb2da745910a4570;1;False
1b1f5898b9c7dcb161ec41d7296848a4;1;False
e4d88dfd8eec00721155df7bd0cd7303;1;False
6e2ba569d196f3b7ae08c8830e8373bf;1;False
20b6e29cf118583550619bb9d571e9c7;1;False
61fc910c82a7e0bdc7c3c30c5dd9d078;1;False
4ef5abf1c71845ecb0878f9415b1efa7;4;True
18d12e8635eb7db42c4692bd0bc44cf5;1;False
60d3a2e6661528ed4f8350cf01f1f704;1;False
63ded5148f4556314c5bf983fa212640;1;False
e261e706c24d81a9dfec8a15fcb4ec87;4;True
414c505037a054cab00a04a6afbc3580;1;False
914e340bc94992e56bd9d3a6976d8ed0;1;False
ab221d6c45d2e5cd2f6f84fbb67983e0;1;False
5fc4ccd10eb5389009c03da6b4dd6631;4;True
6519d463229cc567c62a9d4cadc946a7;4;True
ee9c47f3f2ce12c3d3d9a1e2c6c5541a;3;True
41e2993bb07345ea0c489766c154e02e;1;False
efe95fb04937ce282415b3752296037f;1;False
f4a7169ba10d9873e153ab144f273cf6;1;False
e54925c4275b75ae62d3a267db95e181;1;False
8a52644a0b84dd0de7c7b47e291757d3;1;False
35d428410ac8f15f3b392a407d65a5f3;1;False
7390aef38ebcfbc4e91c3f4779101438;1;False
9dc0bf670ef7d6d65eb7702c231dcf2d;1;False
cc375cc82ad35b12b14062163670b342;2;True
ed21a41bd31b4964b0d4f89328b4cbdd;1;False
3fba09621c24c60d54d51c11cea2f6d5;1;False
b028f1fc7c4e27ba8c4a1bc2266ff54e;1;False
7ae55a43451bded00f3b2d488ce27eff;1;False
0095caa0e464e561675a41320f99f3a8;7;False
0e3966c53ac4c8e95600cdd39c5fb7e8;7;False
fa91863eae1f408710e085833d8dd732;1;False
39a5f2f0d710934559a31766de08af3f;1;False
6508aeba50f1059bd3213f265f041d4f;7;False
ef16e80d5307870e1d76db4327cf7390;1;False
1c90df946eabf3ed8c68ad6ef194ff7d;1;False
8bd0393d1881ae7aa1bb27024c987d5f;7;False
f99c7a8a6995350e4be7ad839ec067d5;7;False
a343afe3311576ab6c4460034eda1e58;3;True
8028e2a7e0f338fd72e1cb3adc1391bd;1;False
6f4ae74c1f5e3633d8d84ea8dd68b8a9;1;False
88a7bd8148826728ddcceb316259fe89;1;False
29233be205365c21c51c21b8d2a2a26c;3;True
b3bc816321eedc1d6766d0b1b9310e70;1;False
cf413f36dfb526cd4d2dfb68b74cec01;1;False
5aa407211825f0b70aa5799cac8b64d4;1;False
0f7222aeded1cc52d151fdb58d48085a;7;False
f9c2a012f196a1611b8f3aba4cecf676;1;False
128531643ff939805e3d56fed6c2f84f;1;False
68bae8fb7f2ecfef2b590f73ad254c7c;2;True
1190a3c3fd364844d35380cd864dea48;4;True
b082debc7259d7f40c6a48dce90d8824;1;False
1b756221406a2028d6697770c430aef5;4;True
eb2026cc928b1d04449f111c2f00b4f1;1;False
33e6d8b01b771e93f3a3ebc30bcd25dc;1;False
818bd60907824bbe541c56828cf9ed3e;1;False
9aa3e79a01fdc679d86e5452d464f864;1;False
f19ca3ce6e17c0b74580cfd4354207cd;1;False
911de045e84512b752ab080025bc6cfa;4;True
059bf51b9ce9e1a2daee94b325c4c276;4;True
00b98789cd2cb1f02458cbca88d14908;4;True
785720ace38b7ceb6ac8dccf087ba99d;1;False
854b83b1a71129340ac30f8d4c63ea73;1;False
428d1f3e58015ae07382fb391e1e1e8b;1;False
86de44878295810ab5e9b1815ab5acfb;4;True
976bf09d40613d5110b0e417c200b793;4;True
8bd58c19720d9cc35d119f965b1ef601;4;True
2d08ab9ebba65848a727c55dfb33a30f;1;False
43d566f90c24f874781d97905870ed23;5;False
95ca8871a7cfd1b4e4e056de066b7e26;1;False
a7c28e2fbe5f75c032b615c3dbb8cbc7;1;False
577ed745c7babdad48f7ade8d78d0d0d;1;False
143b5d2231f9b92894b35f0d42d9143e;1;False
08c4995275eeee8c23c325a0dc12ecfb;1;False
8dbff54b538bfe88c04c33122b3bca38;1;False
6b47859a049d7a96f8b54a204542561c;1;False
11548117f9fd974f44965d28ede56277;1;False
8602988d0aeecd8259e5537121dba855;1;False
0b6b1cb9c9cd832bf02cf67bf8302e2c;4;True
5ea358146448d79442e42e15233026c9;2;True
96a92f3bcb002f22a698a62a468415e3;1;False
7ce1765b88bd1d1a78eca1e14fff62f9;1;False
21f0fb0e872f9cc83ebb69f0890fe1c9;4;True
6bb04d2014d5daf877caa7cdc51020b3;4;True
5d7938bf488c1869bd8652398acd6b06;1;False
e8ee3baa24048a9f895ffd6ec4d14c36;1;False
2e0da12f8c3023176a5fa82b292ae9a9;1;False
9e7f4ea5cacec8dc6a4abf5d4a466ec0;4;True
f03b1a86db0ce535a1817fda77764f5b;2;True
b74c0ceab00aec9dfbf234cbff14d4f0;6;True
b2a08b146284d42c09c2d09c5a15f019;4;True
1d549c17d850ebeca3d6e031bda4226c;4;True
d064dce081e712d4ba43f622f4074b04;1;False
5b92b5d006d5b817ee5313133f79d89e;1;False
6aaf86df732ef957de9a48e2b3c589e9;4;True
9c70eaa380eb60135c5f1953b1f073cf;7;False
dbc8302b91c5efa5f27d2c2e7474b060;1;False
aa38e362278f6624c9bebce96446361f;4;True
45ab9ae3352ec77337ea38a57d32244c;1;False
78e4d657cb52607f4b232c18b1cd307e;1;False
81112ed6ba2b5d48251b3d74a89325f6;7;False
206d07cef65188e0d769f4f351e390b7;1;False
3e039943e16f3eddea67fa71335fe052;1;False
9192c66e8d4ec719e25bc199b7ba8fb0;1;False
34b8f30ef8f0a9e5b7aa26fa9c4885ab;1;False
866de0dd45c7011550bb48f0b2e2b81c;1;False
5252e3823b857bab791d59134da6c059;1;False
11cfa114e14a4b572c1d06e825d21144;4;True
814c33a84c3cfa613db25d5ee3819887;1;False
09fc448c470492b1f1cb055144b47b87;1;False
e6d02ee64a328ae7d052d524e5f1d64a;4;True
176197114a9d636c03424e81da0934d7;4;True
2d616912c45d5182ff4d8836dec9a1b9;1;False
add5600156c84e6e3463380a312743eb;1;False
dba9833495c9430c163af86f3d3cf54b;1;False
f97fb3eb831fe7256e752234a9f95244;4;True
f43823e8a09a50807c52ed4b49843096;1;False
3e31e1d5040aafd5007a9ad6720826e1;1;False
dd2ff749d44629a1b512a8b998119bf4;1;False
60dd2fba280abdaad91ec94990c10431;4;True
b611f8f4e0c422467b20b9b28a110ccc;1;False
35539383fee13faaefa9687ba660ba6b;3;True
7396b81ec02356c035d6c68fd70e15d2;1;False
3209e26b3a35863d5b9f5290f83cd619;1;False
cb4467450b09c6552e2ad079a69d17a6;1;False
bf808ad85a0b5b22dd5daf2846653d06;1;False
18bb5c61a297993e111c51c64bd2917d;4;True
7c4300d455d9fe4757a16206418ff1f1;1;False
5d9eebd95b960f32896f5d6000338be1;1;False
cfb955271496f12e65a908f1767061d7;1;False
dac4c947ec074d40085158bcf81008d7;1;False
5a10f2458f89e524105fcdbfb7fb3a8d;1;False
1a9c47690189bef9d4097ca0e468158b;1;False
8c651ec9d2d08ac50f15f215ff1fd8ca;4;True
e37e3c6236ffcfb135df2a7dba6f71e4;4;True
ac461ea02dc314feeb31d5ceb85254f8;1;False
051694d1bb3e77c68bf98499d61d6bc0;4;True
6b5e9e9ce2e29547726ae8f8abd2ca82;4;True
e3ee3078c2e00924213f4d29f29de676;1;False
c37cfd5fc7edabc8dff6188019164cd2;1;False
928cd3a670040387c24326fc0d236af6;1;False
a2835d03b2d55cd13c406106eee9aaf1;1;False
1356c1777df567d7743fe21123755e91;4;True
3cd2b4c5868cb9276020efe20baeea36;1;False
dbab570d8b444212ad79c5cc967a4667;4;True
240c7b6e495076afaba00c9889aea082;1;False
1b06d3a26375b06e7b79afb68f80b7da;4;True
afbbd05f1847cfcf6056cd07ec875fe9;1;False
8855dce3071e97e16c71b89c07fe3a89;1;False
6715c5dca6fe8d1ee0b190ac4bf5d70f;1;False
900c3dc2f85f08af8826fb4d589bff94;1;False
0ddbb08caa97ad9bdab592a1ed1dd46d;1;False
b70b5e44a2b2cb750092b63165c2a585;3;True
2bdc4d53174c10533f5e8210c1ca78f9;1;False
54431089cc0d0387504a03c723efb6a8;4;True
96be6944495ebc550461d39c8ebddcb0;1;False
679eca178b4283ee542cfb0b4b3287da;4;True
a6daca84e70288d052cdeb83abd3d0cb;1;False
bb615bb94c909830e90ec2eac5f644b1;1;False
d07f5158315ac4614d2b0d8560fd6dc4;1;False
1a7f0eaf7c52c8753cb2d590ad371c23;2;True
e95621e72ff16ef5048d3626592af65b;1;False
0a6fc35e3ff08af803902dfdd14ee96c;2;True
2ee5789b340cac4698214a8901f58380;4;True
32fab1b76dc302b97add3a23a41b3fce;1;False
1a9b157fe5b12c8d51c4dda47f2a1b52;1;False
9d059184e21efad2800a6b4302c4d75b;1;False
e7b5105b0bfd2856af4b97644f8b4aa9;1;False
23b6feb9541329092a73bf7b8eacfa25;1;False
5f30fd747ba796f6b8fd29436e758775;1;False
42326e24e7e7765d72ea4f3910699cae;1;False
5b504512a9072a284330f0ac120e62a9;1;False
b7366c107a6ec0c6c2d3dac37d702c2a;1;False
5da618d554bd06073accc8cdce2f5205;4;True
d9ffc0b50b8c6adc863c52690112dde5;1;False
6a7748f7b3bbfb45cdaa52ab1a67c985;1;False
4f4e716dbd7621897967280c426f7c2f;1;False
a6bd4612da2fca6d0a599a531f8406e2;1;False
43d1b22d91de700b779ec83146d9df64;1;False
874d2ca30971fd62215287251c4709da;1;False
c2677542e1049d11f65ab5756b2517ba;1;False
ae7923ac4dbcece0b2288f4c18699b86;1;False
1aa6a89982d583f88550dbaf91eb73a7;4;True
fedc6033036541c2e6f65eb8b9dd79e3;2;True
688e6a5f4d669d8b44138f1f5275d0bb;4;True
b948f2f6819a639edc06e78d36f5d84a;1;False
c13dcc2e6348a08f5a3331c382187d43;1;False
1c2e7709b5c9dc8f8dad3149156d7e96;1;False
ee08088f12fa0fbb0d9123e38b0f6f52;1;False
a2f917fde90886bec41fc8120294d436;4;True
2a57c15840c3d3105ad16f97c2d4fbd1;6;True
cca756989beb1d31514b3939eeb359bf;1;False
0a9c730a29004ecbc81d79a963015f21;4;True
d556e4318e303a160a369badc99f20cf;1;False
ee3ea9561861577e59721671f69d62f8;1;False
4869785ea78736e7b01d5db68bc5922e;1;False
100130ddc9ce27abfd9cccff5b7800a7;1;False
fa9208b86ce2efc7136d0b1ae368fca7;1;False
d7dd56f356c9a5367022a03c498a58be;1;False
e820e24a09246f7c6a0ff41c10f98bd7;1;False
71eb42710f837a1fd292fa2731598d52;1;False
1e846b3575459e9ecb481e2e0644cc05;1;False
0ba8bf420068f2fa10db7c9ea7407579;4;True
892a60f82bdd1bcd5825d6845fe3e27b;1;False
cdcf320a170b5d7412fadcec79dc4674;1;False
8448bae32797e4752365e802cdbc45e4;1;False
85e94582f464c5e8d4948ae0c3ade748;1;False
f264c2d15410ab35c314b679674c0109;1;False
21454001cf6136d872490fdf928b2f26;1;False
35ad1b85c12970c6a13b6e426a023566;1;False
344b4b5d5b20fff6e44d8da3bcce29c6;4;True
dc4513d978798748e2b4ce5db99e0355;1;False
7f1e017295be4033814193d4a3a1e82b;1;False
4c5e62920489dbd03ecb5432ea3ad09d;1;False
2d936b8c2cadd4814f12b47a0381a57a;1;False
a874b4ffe689741ccb9eafbc5c0e54eb;1;False
6081a21f719f8e27a1ba2e867e0d27f9;1;False
0c97d56711ce88347d01c2982c197565;4;True
74b9f1e431cfa673333df6d52ce1f49a;4;True
7c0aa1b8d626cb42a0c24f12c48ff29e;1;False
10fe65e8d680a7708a8b3edbf8d89512;1;False
07ba695f0f6d26f2251b65ca72ab70be;1;False
44d26c0b7f8542a1614340477d198787;1;False
48552362108e8d3796847f09edc89297;1;False
7be5ec6317294f342127ba1aa779be1b;1;False
307a3d6440f99628f75e6104cc8866b5;1;False
a95a482c46063c9f5b48e4f4696502dd;1;False
10e78536c3ff4cf5e01675de47c2312b;1;False
3a02b6a836fd1a9c844803d471424f88;1;False
9c952b0e574a05409d7bf3934016800a;1;False
baecd559707891d6cef6065647431638;1;False
16581484bce0b09a744e9a0b9d5255cf;4;True
6d3f493166231c539a490f0b930e4f33;1;False
b7043370ac999235216c602755742d72;1;False
b31fc4fe46ba6ee3f12526408dae9988;1;False
96949ae3a4ff126b193e540ff64d5017;4;True
4443af1116ccc197989be849d9f41aec;4;True
0088e08edda00d1cf05f2ea1091fb42b;1;False
55dab031861bcc3f91bfee06c41dd374;7;False
48556d388f5527806a9a351db5daed55;1;False
c4bd472ac36e0495eca6f32104b5dfd9;1;False
eed6bc8c3e53df5701f55ce55b771a8a;4;True
43cb70909885dbe315d02e2843ef0def;1;False
403f712b23c5692b3eb10a316a4986f4;1;False
b38d54bae392c5a6908bd3b8a414222f;1;False
8182a767f9e0bc26b7f981f1faa8962e;1;False
7b81732d797c4f7bbb15191c08c60de5;1;False
a4975f6d0d4ff4b8bbd0981ecd0f2285;1;False
d41133288d1d716c386a38e0579b67a5;1;False
be6089f31fc9768286e560a396344744;1;False
cebd3b4c2ee6c751a3e39a2f487d62c5;7;False
daffdbc1118920e8fce34d640a3b257a;1;False
2f2aadc446ee64ea44d54ae531d5c40b;1;False
7d0eba4e0394fc3ed5b0f3ae8a76a501;1;False
a253949daa5cb46653a25417f085fcc2;1;False
fef91c42aad7bccd2dad08c9672f5a08;1;False
9eceb15c83a0cf9d011e33ed09c1ef87;1;False
dea0d7bdc9beeb85e88fed142230ac40;1;False
d780e140bf497e502be9a283b31f13c3;1;False
9c3efabdedfd1d771cef662593df3378;1;False
2b9d6effdced92c458941cd789c8bb5c;1;False
9547329d63face3b1e757d562d9976cd;3;True
8e92cc485f3389671b0fc4da83fd4aa3;1;False
26478f081d11e3679a024a23f3ef4b9c;1;False
11be1490698150b5844ff42a6048761b;1;False
555413ebd74790022bae6a89e653bfc8;1;False
7a908c8e3a0a4751813cba9aa48afb30;1;False
c1ec0e6be9b23338174f7422db9475ca;1;False
7837893453d358fdd3d7efc5c0879c3f;1;False
c99d8ca24637c57481f815314cb67f1d;1;False
f392f4e45975284f273a9e8863df1974;1;False
ca9509a3b43a47de9d609d9ad474308d;1;False
ee9326eae1ac379276a21cdf3a64e1dd;1;False
7f8c3860dd2ea03fbdfa655a60147aeb;4;True
c81ea07b8cbd66c1bb3b47e4fed22c02;2;True
d2328e8fbe077784d4674a2dae280ec2;1;False
baab09cfafb8eb50657735415ab8f28a;1;False
e7e80ffa0148b24662db9967a616e7eb;4;True
51296e5de3d1ff237105a04735d91e81;4;True
66a99847a4ffa25cce46a8fafdd3f4b4;4;True
ef33d86c63869d0e5b3059f009a6af5e;1;False
0f3ae1ca102255a2062d5dd948c8d188;1;False
c3a789d1b2f747a59c1e24a14ccc1ff1;1;False
7daba79637e41d82c9df63465ba2f0a3;1;False
b6c46c66fc37aa4b1fb4e07c63fff496;1;False
05b57609df46f65c1b4f6b6a3a23b811;4;True
d5068d795dfe2e3c68183452b6bf87a8;1;False
ab48207c9f8c3a85382f16e9b94614d5;1;False
b002e0c0f759b2083b176f220b2c3cda;4;True
fe2b08a38ebb9c814634b2f644d83cf4;4;True
d0b060e2d23ab9af7a9cc633d2a40f12;4;True
bd467f658659d0f575d082d66634131c;1;False
2c515197395d2ecf7d7d03edeeceb753;1;False
1d088f2d823a020beae2b809391d09dc;1;False
92625ae53b6fb974a51495a19832ff61;1;False
6ea5a232b2797d6beea8577d64436bbe;4;True
3c16342b2169cc662f7f3c4b0e9289a1;1;False
d56b89a052ef89316dd44211bc8c2b5f;1;False
cd23a1faf1e5aec4867ad3637c8f1792;1;False
bff936cdb7f01506b4be2d75c7988593;1;False
0a4fec723bb994608cef0c15288c0b14;1;False
051722a5a595b5be3746dbf53f0b9d25;1;False
770cade75e2423d0e45bdcf3bad78d23;1;False
f721abeeef565ac55da96406413d2e81;7;False
d05842a3ee040adb812ea0f1d4dd94f4;1;False
ceb649baaffbe679ca2652fb822fc3d9;1;False
998b4efbfcc024e8284aef4f0d9eba87;1;False
4b35ac3257e941ec79d0f4b271d0d643;1;False
58454c0be0eef5c64bf4ae8870c095b9;1;False
537ab82ac7688c8d238d97e843fda528;1;False
a5c18491ebbe46aa5e74281309719a0d;1;False
5f2c50cc83fc2a9b34c182409a19fa4e;1;False
3482c077eb112c946c3590764c6c6818;4;True
9ebf0a90de401bc1cadaf027cd2da7ad;4;True
865a2eb17ac9d53eedec8d8707696652;4;True
daad7c32072aaa4cdbb9ae2c02c2c9b6;4;True
5785331f45afa4d4280d6d2e61ff5b46;6;True
ba281648e5e7a8b24f4d579d88a0377e;4;True
1a82af9614ec35404a662875440be23f;4;True
b0b9272f7067c789c179181a65ea85b6;1;False
c8e138e47d0df10e8a11d2dc47f02481;1;False
a668532a08be3b48a42479ee05d78b48;1;False
ad560cc76a214a880effc10c51535f82;1;False
0507ea9d9160112796bb979cf5d4cc93;2;True
00a672d87a8e000d5cbd7469a0b9abd5;1;False
c96e2826744f54f3dfd2f67f7386411e;1;False
4535d6e30905efcbb783dbbf1c16f625;1;False
38700021b4e8b2b6f34e19c47a096980;2;True
bd6d2f520506694967ad5b1a0be7d912;1;False
dff61512d4767b24a68f45e437a2d537;1;False
5c308147c5ac9094d43b870a9b6fdadd;4;True
3b6e7e3b7112b09dc2b83e0ea1e167b8;1;False
9fdce2c6c9989f38b1e8f2df61c8e4bb;1;False
caac88062cc499644732f2d1b9b17bda;2;True
4183bd9fdf0ab5012753a5e7e406d2cf;2;True
4f7f5eaa715d22281cf4553d664c1fb6;4;True
81c7f438a9ba6f0fe0565144ddf6a9e8;4;True
e65752213cebcb6e151a815ed21512f3;4;True
5253f922122e5651648160a894572270;4;True
650bce0589c6b7724eaea045688fc881;4;True
bfddd2c1795a13e0e2a5c7e3d2b5a9c4;3;True
41970c902746462c14431f1e00eb36f9;4;True
836b4d8088aa85fc1a6ab4ef0f5f461a;4;True
d24fd068e9ceba00b3dfd61601b23246;7;False
beacb9e6f80790393360db7a75c7ded6;4;True
4d887a7ba0963dd54d4f85b8aa694788;7;False
bbfd5ccd8a8a6aedd7bbf37efa25f2d5;4;True
831ae2b46823604165bb8a9bbcb53a1b;1;False
5ff6d40b1dc0dde4c51a8436bc57aa20;4;True
d0a05205de9460a9290caec3f2b090ca;3;True
b75e56e102aaf8d9dd55dac5fc86a204;4;True
353618076a78e6d84e3b16607693cade;2;True
c4249eb56f6f259387a47a0a99b2df54;4;True
434a02da4dcaeebd57ce5b4da77ff8ae;3;True
e56f5d28a94c3ce247534376d8978bd8;4;True
a8142add70a5972faebd873227399911;2;True
6cf07765fb645e25974cb9c0ef35256a;1;False
3fa8515eb6fb42bde9ac901dcc213218;1;False
75a4a7c9533360117f9cd06e95778a67;1;False
27f89573e3b4b580e2a50c2ea0318c81;1;False
c2695b65ed1b59b69ceb7c060631ea36;1;False
ce04932c385afa5590825d6ec7521687;1;False
801f3c29eef1891298a2d041692dfc39;4;True
51f26b75f4c95307abfb9ab324087512;1;False
97df335dabdfd689f219f6e99dbbbc92;1;False
d3f9b8b0c89e73f3af3b88e2cb15c320;4;True
47113146e8b5c55183cd438489a0d9e0;4;True
78a51833b692cc3329ae2e5ddda234d8;4;True
5229fa77b97eefd5653c7939c4affd4a;1;False
691efdc54f0da15ed55ea2b8e6066c88;1;False
ea60a6a6032e5502f8cfe1f47948d074;1;False
6d5e4b54df43b78d458c8ceb3f440f05;4;True
fc8278775cf12fdf84e88493f8efc645;4;True
9f1588f5a96744e37b3274d5e99f48fd;4;True
b6251eb792f24335a8d81b2103d3cfb0;1;False
fe9320a5af8b3c943dfab5c527900fe3;1;False
1c2c1e3c6ffca3700eab79f5933e1054;4;True
bd8fbbe8d4ce3ff3a2e2ff7d113f4c1b;4;True
8a574fd79b857ed0aa2f053b4f0a2bd4;4;True
0156a72c496104dbd489d1d33d40b4d5;1;False
a2e1849bd877cd23c254ff5b086f336d;1;False
c4e9a179918a876fbb16d1fb28ec2155;1;False
319df04dec592c89b2bb29504ed7500c;1;False
9614e8ed3a28f7ddeb2d96b4184dc699;4;True
051800922464347fd1b529fe352fd5f2;1;False
b64a4d76aefb27b00beed88601a9ec92;1;False
efa32fb83077bcb46499af40601a1abd;4;True
086e8016aee1fc4e5bd47503cbf33328;4;True
76ae7c120910a7830a1c0e0262d8cc5e;1;False
25f877541144f064a3620952f43e91da;4;True
cff2a79f90981ec250bdc460101e92d1;4;True
739d35be0dbd49f380c396e1ba884184;4;True
0a9532666f51465be7cc6e47743137c4;4;True
b82f51da8b7327281ba0713a6aa66e04;4;True
d047a01a190236e10d6addefe13ed3bc;6;True
b64a6cc5b58673b4c82988b52e0e2189;4;True
f52380b911848fa0a2895c45a175d4bd;4;True
11f66b9e33b3773d1039ae28d45183e5;4;True
c73e1511039bd29e0eb97e6f79fa1a5f;1;False
ba2266a5a41a503c9d74a0ff65246150;1;False
8ee798e7d7ab970fa14b570fae4b5644;1;False
9b2811d7d96d805a5c5744ca76a3d5d5;1;False
9a013666d541c9a7d5bb7fb5040fd0e8;3;True
7e7ff5a990f0e5756e31348ced169854;7;False
02e35ec79abba6793e5ebdfecfc65d16;3;True
fed48f6ed946f7073900ab6acc23af48;3;True
9c0f4515b82f140c7316548bc1853528;3;True
930193f50045fb575e1cc19ecabba184;1;False
7362de318aa5142efdaf009593e827e8;4;True
a3e01ab534e7212a544d412ca91b8427;1;False
556a8ab7e42c60d02c0fb783b9c5dcb3;3;True
86a45b31f467af38709ad130aa994733;3;True
419fbd08f99741711622d304dbdd2ea5;4;True
032880876319a4bdcfa49e487ca3bc48;4;True
0b8741c30b5c4fd0a2d4f0d906fe0506;3;True
d39f4a2be391845fa561871a13187a7f;1;False
73faf19f41f0ded8bf5d99602d84305b;1;False
56a2018de85943fa30cd4ddce3b9b602;2;True
88bfb1e0a1f307e6941578640cfba27e;1;False
062f7f04e66b33b219b637226ca659f6;1;False
323e329a002a43104ac40ecc0ce53f24;1;False
ad9e91cc7b2cb35437f6948864951907;4;True
4ce303c6f651f603634618ecba36beaa;1;False
865c802ce16281511dc1db2c53fe437e;1;False
ea9549a004b66ffa18cd892456adf43c;7;False
25105caf6a02c1ad07a0f323acfe6559;1;False
40ba20361d3760ff284ef466b6180bf0;1;False
2bdb58a8b575ccc10ef0c0e614db9333;1;False
a267b5d297bfa779694349499ac91694;1;False
07cac602bf944c6d9e86fd133f08b72d;1;False
7f78ae1c486789944e47289bcafa1fdc;1;False
caf886cd343100d58b95725bde1fbbf6;1;False
f46207401424b04c6a55c1af3ec166a1;1;False
e693ea57254362657223066fc0285d95;1;False
f5254582bc5a90d0ce35b1e28c19706a;1;False
995fb3e67d5d0e9fe48e0276c5eb0124;1;False
9d232168517ccf5a13ef56fa9f3af957;1;False
a715385e9cd9c8929a239dd4411be9dd;1;False
7fb938de3ca31ed1239bf90419356e6f;1;False
73f6c25ef6e6b402c9eb0c2c584ae15d;1;False
8c72a4d43f9bafd37316c04d145832b7;1;False
dd4f46d215663a335004ad65f42694e6;1;False
80e85378d02f4b91ede927647341d619;3;True
9e4948da02f3b9cd7b3817bea49c70d2;4;True
1e250e2f10ba77cffc50e35823495e45;1;False
80533805c5069dde8b6d37c2554effa7;4;True
211b36caf89780e2da2805a99ac78df5;1;False
1143df86b40192b18ffe2a60d82623f5;1;False
f09b93f4c5e5124c56235b143f2e4c4a;1;False
d43d635cc3e16b21c9b0dd7a115812ad;1;False
e88528dca2c8968877a981af70b0cb54;7;False
fbdd8fd0328dca19f2810bfc721da091;1;False
81e06a4b6788c44d83107f16095806ec;7;False
95be4a91c2752549a09e3bef6762ba05;1;False
67ed7c36a20590c69cd4d46ed46209b7;1;False
449e92afc4d5535774e169765a9c5fc5;1;False
8105a5c7880591c4855c9f609da4e1e9;6;True
15f55a6f12181401e4494b2497227546;1;False
c7d7a72e48cb0f6938045ea6995c2cbb;1;False
f7e8b9df22e18a877f49bd22dcc95b4c;1;False
1c29600098e4bea22a8186b1fb7bce31;1;False
6dd19b3b7920254d8f2fbcae507fedde;1;False
5b8ac838e9e8033aea41aa4d81561ee3;1;False
e5d05c0f8ac96340c35777b56749d22a;1;False
eb13bf21409b68b5d92f00894b0a58ca;1;False
df6700964299113f26b340b050693440;1;False
83ac0dfce93f17763b71d60268f2a2c3;1;False
3b95ede67add164bef71914a173ccedb;1;False
fea59dea7902de899fe3399739aa0686;1;False
5f00fa93ca66395c7b20fc4f6e4dae0a;1;False
4c10825a4605ff000023b3ecf6323e38;1;False
4df14775bec0cc05ead588763de2d404;1;False
7e65b1731509cc2a09dce6dc734e819f;4;True
929f311791e83ce1ca135147a0d1c7b7;1;False
5d10d192d375e2a63361d48eb989f922;1;False
9441c1055f2278d861bdff94b91bfbd9;4;True
eb6a1564749a3c0ddb17873c3529070a;1;False
c95a11ce225645c68aa37d87a6129fda;1;False
3fe4d6faf5142f26dcb24d7c1905d78f;1;False
0d13b4bda49fc3708c55c44fdeeac4d4;1;False
c841d4f9239b8eecf402289ac0c13675;1;False
54166b2bcd0062d7a401009677912a4d;1;False
6b789f0c4b6b9cb4177ec148e2d067ad;1;False
1a2fd37e8aa9bd098d4186ca0793f9b9;1;False
5b46fa9fb8c36cb9febfda9378b7d8c3;1;False
553dfb7589bbb71df632f74a8db06529;4;True
18206a3fd7e0dd1559adbed2487ca4db;1;False
90e47a85dd15b7e0f1a53758e795f4a4;1;False
d001887c269844d4bdf7a7566d253c1b;1;False
51a28a100cb0e7d29d3e24cbb1b90ed2;1;False
8df482062c877545fb1828bef96724b7;1;False
6a0392dbdcb11577e02fadcbeb9ffd31;1;False
3a0f6ac1b6913344d267f7cf52538b06;1;False
63e995fc6cc0c9bccbced7957ba0bb3d;1;False
34d52edc2a2468d15bb652f701a3c58a;1;False
a51ead3f5dc6bde5bdb446009022a155;1;False
102c43357b142aeff0a3a27c9e655c8f;1;False
c94fc33ee6c31de8dba6558bcfd992bd;1;False
a649b7f6cf198e2da747d3c1b642b7ff;1;False
b776695b0c8a9c66bdc7c39d780efaf3;1;False
9b2af95ab9e453e62f3cf8b75cd92092;1;False
a3a2201dacf8dd71964d0b403e1922eb;1;False
eabb5d10d6a64c0f1473aa3ed7c7ee63;1;False
78f850ff48d1f45a0acad17f12062264;1;False
81668dba8fec354eeb91024cdd663089;1;False
93127e4c6fbd5f1f850531ef214be060;1;False
48fd58ca9148331f164505751e594af7;1;False
d82d68d345604a8879355d88f4d9d01f;1;False
92985597d93762508c031646204f6e7b;1;False
584b715f5ee498b02841863874f01e8d;1;False
b36e4f4a3840cc8a5bd327087f99b0cb;1;False
252309e6446f10a4f2f4bc2b2abc66dd;1;False
4579ee8c77206cdf8a8c4000bcc74adf;1;False
90371274b425f46848fa60b0f9f0a639;1;False
7f368edad411a178bf71f722305d5976;1;False
a11c324a8f81f3c761ae8649e327bac6;7;False
7e8602404534c8567b8981a3d6529e2a;1;False
fedede74be51088a78b3c7fbdb557e89;1;False
e488b4e62422017c67f8f20fb3e755ba;1;False
57b872a7e05446572c9aa6074b524e50;1;False
1c50725481e001096dbbf96395eddd94;7;False
ecd805a36a644a5099a8acb684c4c6b5;6;True
11a60a8eb5445bfa846f1f79684a6e96;4;True
f51edf327692241cfc40e217796164b8;1;False
04b03dcacf87feb84b79c16ac8673728;7;False
bca3b34c04c8fccb95cc445cf8786196;4;True
78dac3f08e78f728bb4bbb7b1341371e;1;False
dcdd7d9bf9cfef954837ed17384c90b8;2;True
f06709085b3ce4ff1bf634acd6a2b69d;1;False
ed6793787dc7397a85346e34c3b1b1c6;1;False
0a8582c4ea36f146df231a4614f2c3ff;1;False
5d0b3b996ab7c8226a71a8b0bc77db6e;1;False
e597352a4907672ff1cfb6f1029849b4;1;False
06b3fcdd42c92b8a37b904f4db6c2251;1;False
b799cee16997f6f270e9a9e4f1f982ed;1;False
704d536afe2cdab0e771e811e21c631b;1;False
b9c94d7a13a38e519ec445aa4a78630f;4;True
5dc5793f75c5c1115d76f6fa3d59ec18;1;False
47f147c72b029c2213ce51ef78d38fc6;1;False
6c600e83d0e3ca7e519ea0d38ea92cff;1;False
9e1c45ef37e79ec9e6bec41a8b35cb8a;1;False
87cd29ac5ebbcf0f37ea6ee2004b6361;7;False
6ed47f9631d04d8a6ef953ee1bdd174c;1;False
25008f9bfa5c08da26cc14ced4c9eac2;1;False
325cc5f8fea90ec6455c1fc90805a801;1;False
94bbb11c4ff47ec5b48e0c57b7fbb642;1;False
1a2c29dbbefb6d9589a37c949e5dbef5;4;True
b3a7e8cf629c816919e9c0f2efe3dc55;1;False
e6dc0566939ce742bf77488ae6ca9cb2;1;False
5aa90e826125cc4c6af1486117a944e4;1;False
e420f14888f46a1336b0e52c4486aa7e;1;False
6d9fa30c6fd2b5a24462e311c717b328;1;False
b985577c9080b2da2b68b24206ae63c3;1;False
5f740f28b8a05449665d32ba154527a0;1;False
7271a034ca077d0ba1297157dcad982e;1;False
da4d5340a19dc46ddad0ecf7cc8d13c8;1;False
043b96f9a78ba21cb39303f861be5f4e;1;False
6fbaca18696bd954ce68f39e0f7a6e5a;1;False
bb2ba17966037f1bb44bd07c6a370906;1;False
d7d45087814020878a6767b9543b12b7;1;False
26bc72810a74304f6ac467347da702c8;1;False
152c77685b41801858fbcc76c145dab7;1;False
8daf73f9b2991df91d6821169f632a14;1;False
6f143a2b7523b8c4c4c4f76c67a86563;1;False
5c0050037eab618dd36cbcb85f201c70;1;False
a8915a9ad3e741ca568a40a2f8a765db;1;False
d998b44adeede7baa37961f3a7991172;1;False
215ff56c2651dde508a2be461c6ea66f;1;False
89cd1dc33b00432580eb71ce49b9bb00;1;False
06c30d59601952120eea92c35a7812f5;1;False
1f8f70cdf60ad7be24c423810215e228;1;False
4c0f981c26613f5017da75abd9781211;1;False
6fa54fffe2a2335f5927572e9757ee40;1;False
1adc5ea3d07ed126b57493ca117caf03;4;True
f58770d84112ff659068a4945ec8e563;1;False
a6524ef65099c50719bd62b5bf867b54;1;False
a5ed8aca60872bb3dcb0e5669f74e98a;1;False
c4e53193bc8cf98a2321a479aab1b6ab;1;False
44e4d700f7c2b09ce30fe094c6f92f3f;1;False
9fb7e06791bd4706a66ea06ffb345de2;1;False
9ae35f5eb46e89b99ed4078863da8296;1;False
81ead8afb95abc9477d76582844e8554;1;False
d9825064888ad7e5a0c802dc9d31baf2;1;False
5ed853042d61566577da88ae8242efcb;1;False
20b0f942d32b2b17b739a83a1e00987d;1;False
a43fa6e27b9ee10912b24ef450888794;1;False
4a5d0e24b82c10f18a09e48dfd3def1b;1;False
b7fb89bf46ffa1f116a8be561c100d08;1;False
6380714f66a2b9ccde4a34985e53e4da;3;True
f0012157104459dae4aa1d95c71846e2;2;True
24549c324d4138b4aabe2e69da3143b9;1;False
ab6b3f2e3560802909e54f0b964b1e52;1;False
5e2a29af68a5f204d93ed124d58005e8;1;False
8159cf512e7263e8d164239a3e00b93b;1;False
fc997678c19f27e868d8e355775df650;1;False
13d7974e949fbcbefe7907713fb85908;1;False
183204cd9677736222e5d785c799a148;1;False
019bc95ddac98e6e085fa2d2c68c7fba;4;True
0112efa13090e82179b9abd0d21baac0;1;False
6eef5a474d13edb49b112f22339bfc55;4;True
81592ab74cf25d9b8e3df42cb2a72700;4;True
0081c41107abe86cb2ce026dbf967a8a;1;False
71332e1de5a9cda740368d0bca4830a1;1;False
1ef71570a9df71a88d9fbc4ba8189b2a;4;True
5409efc65e0906a54065d5693eaaa049;4;True
9c600094974030b4e4c6f73f69100b04;1;False
53816568d692f9c97c08860e441d4a90;7;False
70e5de1a7ce7f0211da770f13bbf6838;1;False
db351f6d9948ef559a6c92fa00f32955;1;False
cfcae18184e43fcc73482819dcf75e3a;1;False
c1f41c1cd66b19411f9a54bce61a0de6;1;False
8249539d8fbfeb5cd7008b7b2ab235e0;2;True
6ab70a495d7750c44af4b7ac1931f296;1;False
73b4188cfb7493fa2ee22d33ea804e8c;1;False
06fb17998ea2c31d10bf70e32abfd70e;1;False
473360bfc9eb1ad24675249cd7eeaf2b;1;False
7bc5511519c704eee38ad83bb4f5bbbb;1;False
37655dc19a9a956a90e9f171d4919053;1;False
5a787c87fb5ccd7b19c55363a4a87d12;1;False
b3bd9c0283998dba73c2657d59ab133b;1;False
a1927872118490bc41381a44bc873650;4;True
a3d690e999145e169467b519d0642e0b;1;False
d17c2e0d588f1ddf1a2d6c4eac462a52;7;False
fd8e2ee53cf94e9b967f2e3970c118f0;1;False
f3ac349ae4b7210e91437dc297cb2326;1;False
2542e17ca159e3a368f4e00d4baa4b40;2;True
5332a67bca444baa0d59ae32777870aa;1;False
108154ed39bf509525fde8c1d3cbb339;4;True
6003e17347c48e10083bd51a2a8cea64;1;False
b2c357839d6a10ff63b42c6e8b461605;1;False
09a0a2837cb76a2d4f23e64a3a2d1c64;1;False
61207e7475a338b9688a231f071db9c5;1;False
ff84c2ecf0734e98334c31ec7560571b;7;False
5692884813982e428037a5c1055779e8;1;False
06926b22f1c07d714a266dd9e0bddb83;4;True
4e5e0d3e3f6c54abec875d185905aa85;1;False
3848d5e5b76f7aa570105dc0c4e23ca9;1;False
7d105085524cb97648d261bae4da9664;1;False
dcb44df36b422a1682a46c7d2cda9f36;1;False
7a7397fb3f4ef90d346a6d0935d71e74;1;False
a04b3f7a1a5e930bed1f0c1457af0558;1;False
3d9361d459bd41eeddea4037da9a46c1;1;False
74971c3dba66241ba2975f6cfb0db5a3;4;True
afadb8b031d4ef942f24be69c9c6940a;4;True
7548ce5296832b164dac7f50673a86f2;1;False
f8ea1a0c057c85bcf2ed3cfe71277443;1;False
cd4ae86e92f57861397641a93b744797;6;True
01ee82f2ec05c0e273d229b5e9412379;1;False
8d5738cc736a3ddb95dc327b5c3c71da;1;False
e9e34ee4c670fea0f4e9722c756238a4;1;False
a91e0e97c67e7f80d9c0bcc9bda3643e;4;True
9b979bf5b7288dd83987fafd0039609b;1;False
071e9a3c2811f70db3bac220aaa325bb;1;False
8330b53822db56895b2bcab1084481d1;1;False
13374318ead52e16969c0d0544d7c596;1;False
198246646cc3692c8167bc3531f69489;1;False
2128613fac884a89445c7f493ebba73e;1;False
e21ac44a248f3de40aabfc0d78ce66b1;3;True
51204f5dadcb5daa950fa0b756c1a7c8;7;False
3d3d531911e261b56597877ca0d97de7;1;False
d8d292f3f307a892141fa1dc7861b069;1;False
d98d9c44a48ef8615328b5693f859236;1;False
bf6527baebf8805749debfba27151c11;1;False
e7d5d46f4c0a558bedb6ce09299ab166;1;False
6caef36a8c05ca6f05106d4ef80dc373;1;False
08199c77dbbcd19a24cf4bda154a29da;1;False
a7c780b354a332d9d15e857b4b910526;1;False
dad13b0238b76376ffbb4e435556d69c;1;False
0232991ab378941c116c0007fb61a0da;4;True
3f8a3f52fcfe93ea8bd7eeaffec2f19d;1;False
ee32b7a7050624b084f8ab14eaa5c5e0;1;False
c96fae66cb693c519ed5b2610d65570b;1;False
c781a4097f3ed78b64f94f7f587ad3f4;1;False
f646f3d26c173f9e2f74683f034cea61;1;False
2db29b4f381fe2b50813e1ecf45cfc16;1;False
10e71f9aa23bb8a5291c2bb600b5e723;1;False
00c7d620231037be8fb047ed783ed487;1;False
2d53498960d5634450fe62f7ffb29e22;4;True
7262cec0a47a711bb4f34391557219c9;1;False
208a1ba529cfd90393e3abb8551f605c;1;False
9b00081bc5b2d2ab8f41f64dca8c8dbd;1;False
434955b3db6661f68505b5cc627c2dc5;3;True
4bdf8dbc68849a781b30cdc9f84f5f82;4;True
8e6eb5f089893e7a121885bb3816f158;7;False
bfcce3ae8902e77558609c8f14331ca8;7;False
c672c68157a9cf1270efeab00a3e5d14;7;False
f27c59a679790f21fe048b1d1681da7d;1;False
d47b36df95eb67841ad803256da587de;1;False
f1abde355dac04bbd21d33574de0c299;4;True
9a240e3ea7cdac2ee108e03efb42f945;1;False
e00b60d997dc2235c22f73724df49075;1;False
5f337ebc6d0cca1071eba67b9ea17572;4;True
55a52645568e7eafd7f9fef2d116df26;4;True
e85ec1b099372d1f0361c3498d84db81;1;False
85b69d39ab55c6d6deae6689fff63a14;1;False
3f286c48a1e5a81449171a6f466699f5;1;False
377e663360d532da83f419f47a7e4aef;1;False
39b5c2e2207b8e9ec050a2bc72a049a5;1;False
09557481850a73621690cc32abd0de5b;1;False
98f4f53562a134c2290173d5b780afed;1;False
450e9813dde0d660a7a67f1c8ed438da;1;False
1df1345dd6cc17aa6dc1a2a9219043eb;1;False
ac0562849c2d26771d65887cc61e82cb;1;False
ff951486e8443386824f6198f5be809f;1;False
dc045f051743a51741e6d2e4e1699504;4;True
e23e957937c9d0dfb29539512ca163e2;1;False
fcc895b4c01ce1186549587b10fc196c;1;False
806c30c9efbb393f2bd307395d7fb162;1;False
09f4b2c86f7a828ddb941a721f53799b;1;False
4fa0eff4b39d695e0e8f926e9682c8a1;1;False
39b7e07efad80ebeeeb7358aee21cd00;1;False
6e0c49d8368ca34f52ebe052f972ba78;1;False
b840e62c28ea5dfc294363804006042e;1;False
74b8966423c2c7021ec5eb65562fa4d7;3;True
2dd22c2f44612d3b0a177ed473e0f148;7;False
00ee358ffd17e3d46d0c2cf4068b98c2;1;False
35754dd85eb3e3cba4ebb63fa5a4dbe2;1;False
9b2c3229d9226af9c5756fd22541b90f;1;False
990323d2f3a41c0cf4f1a45197b3ec7c;1;False
a73aabed55d1d4d5984693c04f051e44;1;False
674f38a5ea3a8c942f735acc782d272c;1;False
94b77c36e1ac381119c08bb3a2d64719;1;False
a8031b643980b6fc1fa63b6fa549a5f2;1;False
8d1f7be666db663f0e40c76076a14816;1;False
3433b381a4a79832a5ff5d0675a21693;4;True
a2c9b31f793ef4e37b7cdb683a9f3162;1;False
17f065c1dcc593f801afa5da120fd0a8;1;False
41a98ae587d0406dcd9c7f129715fe2f;1;False
bef48f026dd03cb4fd7e687960ced063;4;True
537e6d710daf7cdb1d75ac94f3482afa;3;True
2902eefff6f1785891d06be4adf02114;4;True
255acb72fd29103255746fb09ceebcea;1;False
af874a22de6001b9d1d3fc4c793d6ab6;4;True
9a041abb922b82cae4d72402019f598e;4;True
565252574f10b41425a1718712289b27;4;True
a7782a78297c3cb4976a7960b8393cf4;1;False
4c89f128b894beadf176c17963017299;1;False
6a92dc848791f7cc76197cbd38101546;1;False
9d2f8c7632943be38e5560f84e6f2b47;4;True
4ddbb6ea38241fe8e862ac4ecafbe7e2;4;True
ee7143a6dad12288311000c047a680b5;1;False
8bbb234f4e25499157d76d1866721049;1;False
5268494d6a5b7f3bc27bc2dcbcf79748;4;True
10c8f8111c29862458987f77c05f4a39;4;True
5faef36b66c116a57da1752004a2b12e;4;True
19e69897d4842c053d781e773e5122bd;1;False
6d1c86a5e50476c0b40fe80cad55dae2;1;False
6ebc8ee8fd87580ad497e0702cd490f5;4;True
18e93c802ec8a04dc65824aeae481d34;1;False
da5a198a45c690c3570a7d307597b892;1;False
9b56e1e251abc8168e3b1eab2fa8ea1c;1;False
461ae89696041be643deb985974b5c71;1;False
7822ef5bf7b6a7bcb66cd5c2448ea6d0;2;True
5ca852bfa115340d324368eef8ea2db4;1;False
f239460ec25917efb7066552b7566ded;4;True
70e1a891cfe6c8f75aad49a6abf279f8;1;False
24c9893770471a031e2c5d4619ecc995;1;False
eb64acc01d8d72fad1e6d6458d14e001;1;False
9c93f5b188319d1bddaed4171d0cf7cf;4;True
93bcc9f81121165b92f2c9a4b23969be;1;False
2d0b07f721d769ad840eb970b9b6a963;1;False
bb179427e108e3e55915f536f7848610;1;False
dc55cb8299cd57bfdab9c7aff817d1eb;2;True
78a99080512359f7aa61c4762ab1acd2;1;False
f589658969a9071c5b72756b532e9318;1;False
0918c16c382db7edb4788c1a70228c06;1;False
1f40abcb04ffb1036b1dfe465c142cdf;1;False
436a5e92d7055f4c4017974fe6824adf;1;False
0ce52bac18c7b373cc2240daac0daea2;1;False
eb9992419c8cbb195feba9fd31947c0a;1;False
6d2bd516bac732f4a43436f3cbb386b6;1;False
15a10417c68c376cd62950877745bef3;1;False
4355ff51ea8650bf4a736ff91aca66c5;1;False
e5d115459803df4948d1c7038af1124b;1;False
77e0a8149d0c84668042be84f680b2ff;4;True
5943fe06005f4ba35e393d2f9e8f82dd;4;True
8efda1e0cfcb18b32396805d2f5eed93;1;False
1cdb8bc90b24b95408c76219c3b9a6ff;1;False
1540f6d8b6da84602e7062d289d0ce46;1;False
7f82ea1c681a8fa4ec0240846c7449c3;1;False
eec42b3b5d35d327946aa9b5d878290f;1;False
b8ca55de698a12e3cea63b4179261982;4;True
76933924bff424b1f2bbb8ee27430f2a;1;False
10e8bce4da2cded9dff81f5adce15f72;1;False
dd90e2819fb629ae7115cd1d2f6930e0;1;False
37f49c89bb5b0252d47ca49ed65ae2bc;1;False
3e502208fb151ad495eb114a293982b0;4;True
63264fe60bb08d0907ddccc6f1fcac25;1;False
407d83a9fce3cad951a3694d686ad6f4;1;False
56192cbb5c8dcf10bf73492e0d93925d;1;False
d148aad240e00a44739790f7bf5f63cc;1;False
5fa45e89a69b06738bd27e1086b34ff2;1;False
5145795b926bc02809733695c5ff4a71;1;False
29d946e629683cdac29ceeb52064266f;1;False
6e1de4302277c6b3466ac0650021c6d8;1;False
7eb0ef38c777fe776fea79ad17a2c45c;4;True
8026ada2eb7ffa737cbcb2fb365f183c;7;False
27ffefb1f773a2cb6d2809a167823cf5;1;False
418ae376ce7d3fa4f138641cff1d7549;1;False
f06d540482bcd249bb24d906092d21fb;1;False
be4e181c933c37437f5e4a19ba2ce54a;4;True
a79648b54214be64e408f03603629d8c;4;True
22da590c0d81d8d5f4c4b6f1d8995707;1;False
180942d954c10bc736a530532458a391;6;True
53e6eb7006c143d9665c44eb37cedb9d;1;False
8525dca56d6048749f59677878f4a03b;1;False
1633e881f93bb2227c1710bbeb93c01b;1;False
031bba3187f74a520f68b307eedae901;1;False
4f1e3d56cbabf0c50139dd882343b66f;1;False
572de25c02a00ae13d089456b9369661;1;False
de58e70b68ddfe7062f2fe71d9f0448d;1;False
40c190d2c77ef5a6889b33f4a4f764d7;1;False
abe7eb9297c52371d12ed14d8fbc6060;1;False
b5a0b6cc64a6de127257d3099c71970f;1;False
e5b85f54d80ea11cf1c2d56dfa4661ab;1;False
f682ee45160956dacdd8355cdc043514;1;False
733c2ba9aa0f20b6d2d24ae864fa63b5;1;False
f752c531b9c64ee61a33fc4452ecb976;1;False
9a5d3349755cdbf1fc71dbee3e36ac37;1;False
be33d6db3f228e9087465ad2d4fa0cee;1;False
8039dfa6061b1ffeeb406ec0720aa95e;4;True
a9b06b7b7c10fa36c11ea861c2f71b44;7;False
bb15681b4ffddbd33f76f1bc10daa0ff;1;False
47859cac8eeffb4689126e1dd81633f0;1;False
94f71f55d143ddba9590e5fc284b4eae;1;False
74f9335b8393259e75d2ceb498bdb9ef;1;False
ee9ef87e6788235b3c601589b7bff688;1;False
dc18da5deeb89404475517dc7a166d94;1;False
b9ce1e428a46579acbfcee92937ade4f;1;False
bc5905154a5aec49193fb6a210d9c0ae;1;False
6d77a3ea786a678be4ff671104c5f917;1;False
ec3b6b73d74a85960dec62d6ce7149e5;1;False
58fcb0d5010c7bccbdf08baac615e7bb;1;False
c8edfc5bc931866d8be11dcacd391335;1;False
1fa14f32f1b581d22a1d8f9cfd85284a;1;False
6b4eacc56975db6e3f0569d57e2dff7c;1;False
f51d621abeb4c489918d904995bbcec0;1;False
b881e48f5d59d74468bd52dc8c137ec3;4;True
ef59be13bd0d88b43fcb779912df7a66;3;True
36889863bea6feb43dbe335719aa657a;3;True
6b81ce5b10a0a46749a0e60e9b718e6e;1;False
296a0c76e1efe45d63b7ff6c770e79e0;3;True
96c6483f5113f19635ac43171ef6148c;4;True
ee31588463e2469ee6216e9c1a32186d;1;False
b5da06d8c9858708cb597185cf8f93be;1;False
dc1718d9c1ec4fefb0034cce36da688b;1;False
2d69bee905f9afc6721f22e7d5167781;1;False
115758b79c92c942b17f5bb48ec5becd;1;False
7256f4f4d8c40f0f02fb6a3117a4bb3a;1;False
e5178ff03bb21e40281c083021dd5d80;4;True
a259a3f34c34540e7518a430653ea030;1;False
9bd49e729a348a83fd65b280035930d1;1;False
3ac82aeb4247082a304f23282102f5ac;1;False
9174a444f8dabf4829516aa5139c594d;1;False
9bddacf7623d284063a81e6f7008f9e2;1;False
c7a4eb67f463f7b98e1b8cfa60236176;1;False
946d54b7e8f9c176af2d2f0536ce2033;7;False
b5e5c24c9057608339332a160f2cb378;1;False
decea33878cc583c222424da0e77635f;1;False
d404503b466c0067fb52ea7fbb1eb99c;4;True
9589d9b5e897eff7835e2c655f8f31b8;1;False
9bdb75ccd1062f57a95e2d05b080b020;1;False
5a8768d7e93defcc8181422ea5d90c79;1;False
42b1b9e51d1d096562c7eb894edb434f;1;False
553303d587544f6c7d2fcb096681a672;1;False
945f15f45a60471a38299306719a3616;1;False
8eb07e29263da99fe065915b308806bf;1;False
f74934132b142bcb4853c4486630a4b5;1;False
6284f0bff4dca222faeae011ea0aa27a;4;True
8edb9d97fac36790561dd8bd2f0ef091;1;False
74cb3475c757633eacff10f6ab904b36;1;False
b080a406a534559e84500e3e8a2e1e8c;1;False
92bfce3c577c637e70731d6270d24a4f;1;False
5f4a8a36868fc0233ce8bcb72002b01a;1;False
d88384c3b3ee130d838e30d10721fc14;1;False
1fa9020c459a3df1843860d8a81600ef;1;False
0980802f95ff47a3eb817055a147d9a6;1;False
e53bf19d9bc3867d578b9deb3abd9d9e;1;False
8e02d3ecbb6fef794d03a4761ec303d0;4;True
9632f83bfdf81c530761e51c1b306b96;4;True
c502ad77fe16393f8305edc944ea429c;4;True
56f9679fa8e83c1dba190e68efee111b;1;False
42b275561c12c0b9abcd129d75daffb6;2;True
b448e97005673347e4528dcf8d2aa8c1;1;False
47a67acd7509a8666add7710d44e7a90;4;True
5930629c7b272cde766e6ceeb211eae4;1;False
e140bbe85d117879324066e218a9bb54;1;False
293fcbbd7f9565412ca2c2fe58b4ccd0;1;False
b7cfe83c44fd9d11881b528a3e6a4336;1;False
d9fba18f90f990271db7cce381308b47;4;True
0c1f383fefa3052044704bb39d165bbd;4;True
af2cdfab8e0ada947342e36e4eac4035;1;False
43248774c3f100225428d4aad4c317d6;1;False
70e34d9858147c6e06ac3f18af0fd422;4;True
eab32586c181245745369cdfe39c3bd6;4;True
4972646785f406d64262c5046d937ea0;4;True
67fd819567a6aaac8dc1f0a5dba6c896;4;True
f25e883b16833c800a297e4d93b0d553;6;True
a88c22c2a84ab27702980ea63dca807f;4;True
34554e81832e77f89b070b66ce49cbbf;4;True
89ed2c8e98cacb9d768756b3aa617d97;1;False
c5c825d34120921ca4767a4b273a507d;4;True
c9b6b8f3edd7dcce210c55235eff1894;1;False
49cef1b7b8c1076a590f6b7086472c61;1;False
2a2a9f34e01944af30e1ca8f9b80508e;4;True
f2dadc933186ba967ce56853e9242bc5;1;False
758e533475388e7459ac2f7aa4213a9b;1;False
68fcaf361a089968762f5c868b6e2825;1;False
573f8c946de3329e77d6f8173b6c899d;1;False
b56a67e7e5efecb8e37386809ce6eefd;1;False
cbf3aa7aec2e185165e66b33dcf03afe;1;False
fda437a0f96583b229c5e9603088dd95;1;False
0d3d8a2a3ab4a56faea5edbe032c96d4;1;False
c095190aaa38ea0b9113411395939a8a;1;False
bf4cf9923423b9f2b3fb1088d3900d73;1;False
bed57aa6a9d425aae2cd6d2bf7ded8c3;1;False
b846a8cad11b2451031713a41288ace0;1;False
398abbe4a0a2b4b549e1ade1a838b469;1;False
82bb9852fc1a8818bc2086018ce22d08;1;False
3db7d9a34096d4c50aaf15219f48db03;1;False
0f1943a52403b403f26eb1772d9d1662;1;False
11b9d5c78fe18e63d7a8a825ca03f66f;4;True
c1d09c24f9bef383b7cbd1068cd18463;1;False
20bd8a55302bf8958506797068fe94c1;1;False
6c357bc6ddc11a3b5d199d2b1e4e6fac;4;True
7e2b13dcebaf29b892e67ebc7af3c1a5;1;False
2ad710735830e95c3e9ce01725552a8b;7;False
542d104eba3c8d49ebed5128f7480133;1;False
ec93d5c4025f6632c9f65580e772515a;1;False
66db0eab3e952bc7633102919dcf6660;1;False
4db69f2ac9dc619363630a243bd75f4c;4;True
6f188eac23f755fdb358a7ce1136b6e7;2;True
6f347567c03ea96e2cc59c5368233ee1;1;False
ea63111b654161500abe4b18feab8209;1;False
6beced208748f6206e2855460a400f21;4;True
ed344daf77e7e8b17c0000e4a9cb96a7;1;False
9d37b24f58820ea1a987c96e51e300c3;1;False
509860ccb89743d8f4ce23a701cbe72b;1;False
e923eced1a4acbce6f3e92f85915cbd4;1;False
1837d9e409d408926a442ee3eaef6977;4;True
e77c70c32e3fbc275bec9999dde814dc;1;False
7eddee170846a400b5fa17bcb53dd3e5;1;False
5c9d3f84f2261f474bcd28411c94e638;1;False
c6cdc87ce86c3f983e701c5ba46ffea1;1;False
2377bc99089d96bf2d3e84f0df1cfdbe;1;False
a5f3b78338f5b0b67db54ad26ead5af4;1;False
1bbfc53ef319e64901aa288619d75d89;1;False
3ce15b5a9973c0fa126cfcaee8f4ad05;1;False
df59eaa1565f4b3d980c15a00ade3bdc;5;False
d64dcd1c053e63a5a0d1812ebf1ae885;1;False
99b965bbedc4d35df58f3a3286875120;1;False
823cf9c9a94fce3fb5583f7054d6c579;1;False
e1c7632a72d11c73bb58647b16e0ff66;1;False
e3a71316d36211e99055bf7a4375e0b8;1;False
0e3f94f6400beef57a0a2eec1c83aefb;1;False
3ef06814d2bb43f0e7c36cd7bd7978eb;1;False
858284e45cc2e7e1c228b8d825fe0894;1;False
81aede525ba5edba66f409c990e8e88c;1;False
65cd3a7a8c259afa776b6d194d7a2f42;1;False
3f42458674934bbcd09d8bbf1d407002;1;False
f98355c1f645f560a49904e8a163fdac;6;True
dd09312963136abdc56717996dce3905;1;False
962fdf5408a7b180d3319ea6f8f471d4;1;False
b3d9ae2065aab7989259e1549fadc7c9;1;False
8264492ee1612117e6b3a0ed8d1b5817;1;False
0dc244aabf950da9c86a4c4244bb27f1;1;False
9b42880245d1b42d5771bc2bffc3b76a;4;True
da517274d494feeaea1e7c25ffdac742;1;False
46147b608639cf543611923128a8dac4;1;False
f13f3853312aa888a10597d99b6080ec;1;False
6b5954dee8f1c946bf7876387793bf9b;1;False
b48222349ac406c003ced68b1e2e6a1e;1;False
da62d60bf80f92881ecf626e2e5607f4;1;False
a380ba699116f47ebe6e3ef0dc20aede;1;False
aa2d4f577acf299e562d3b871836e655;1;False
44c693aaecb601efb7f46d2eab82b1a5;1;False
0f1953a1d8b4eb72a3f0a59768195d66;4;True
a5801e421d9a87a19eb634cc174b8413;1;False
502d5b8b2d8562e82d213afab701e5eb;1;False
0883943ba3aa7adad213bf5e7bfb07b9;4;True
25c2f5c27e0af2a564e4f4f54c84027a;1;False
dee910d624c81b01584abf5a32591dd4;1;False
f10e9f79fd2b03edb6587d0d3e8f57d8;4;True
61c95d9ffda1bf3ae4c5d94915546467;1;False
6c29ecc2ce522c55601f049315e2657a;1;False
69d79339bab9d98c5a5478d6841df5fb;1;False
52ca488ac6a1672ae7471da166deb873;1;False
12dcbc059675ed36c83b784a8dfb88db;1;False
79381bc9e66629c524ea2b137b3f8fc1;1;False
2055cab17318c3408fba539226ed94f4;1;False
08c7e26f883c6bfe296000f7da8e67cf;4;True
97d354f66cf48549ded8eb75b4c85a3f;1;False
826c1f6b7d9b2bd7fc50c23a126b71a1;4;True
07e535ad79bcbd2f6995a0bc8e6d8507;1;False
4cf90c6207477c5f2f287477b7fa8acb;1;False
203a02d423548260c477a5c1e56c40c6;1;False
4053a8bd67e6b97033b1b1e379eb07b0;1;False
a4d7990a5c86ab217fa224aee6aa6dfb;1;False
12d091d11e3bd6d21296726871979ff8;4;True
64da2985fabb8de3874c91d2b9039b48;1;False
03d81d6cf368f66e498b50bebe4d717a;4;True
2d184961b2c29645e34e919cb284e67d;1;False
9c3cee186c2daae9b6e8734c6df9bf53;1;False
948d2d3d6c5e6f255b51193c7b6a618b;1;False
c660585fe8ba78bcb67a1b3bcfce5bba;1;False
edb5e8fe380fb200cea34002f675ecc7;1;False
1ce91be84b2e5643eae607d049c2912d;1;False
4496916bb6f0bcda477fb767040b2616;1;False
d732a72f655a0beffec750a80ea5db04;1;False
41d760f50056d2a3bbf086047492c436;1;False
5a1e554c2f735beb105ac385bc90f9ad;1;False
37baec9f8000f8a26d64e2034eaf6256;4;True
ca3359a20a73e30b109d0aed1a4b8711;3;True
70497ee85c1a8b0a4a24df648a9a1bf8;1;False
44574a222c838b3871c339b3e343a1a9;1;False
fe2c544b4059402866546540edfeeca3;4;True
5a51d570a9ff5bb5fc875e26ee2df330;1;False
957124d6904c16b394191c9c86e2ce7c;1;False
5d9b3b33d128738781e7f42447b80342;1;False
7eb61f2d71995e334c8ed5c5890ab5a3;1;False
c19e372e42e42976ae54161e2512a9dd;1;False
7a623019662b3bebf5f76771051dd880;1;False
44f23ce92bb5c811e266fd8fe3857fe6;1;False
cc460edc0de3f246d8b030d3b333167d;1;False
39674f9b94ccca1d13746c174cf87a58;1;False
8726cf447162d049479ab11576b614dd;1;False
8f75d75d9af9b636e2dd699f5e736ce6;1;False
534c50c02cd8153a7656639fe21314bb;1;False
810766daf04144292abdc9ee124707d5;1;False
266e4b12e619c76506464bb5664abb03;1;False
65834d6bf497c2a08e45c150a89f1b0f;1;False
31d72d342ef1211551d173c2a2ead0a9;1;False
618f508a0528723ac531017568427ed8;1;False
a0e4c4da7eb45cc02496db172081d2a9;1;False
7619c8d1ecc2044f3149bae08a57ff06;1;False
d4942b1ea9476ea0d006e1866a939b66;1;False
dc023dbfc67be5904e6463ae735b97d7;1;False
276edc707af4f5779b5b0d40033d4d98;4;True
e17ba5e2ca40de1408fda83906d62187;1;False
351f26023a07f3a6e864df7f2497c120;1;False
f2517ccd306d123293709517aa3b6688;1;False
26013961e27e976cf7dff7b5bc6086c6;7;False
abf19f5ebf048dbd98b2e592acbe332f;4;True
3f0ea3df4ba8db9399472fc3d4d3c7a7;1;False
cf40e78296bb66566be732cc75950e6f;1;False
b6cb44599e1c271144e293b47a2dadd0;1;False
22448997c386b7dec7738f41a836cde6;1;False
9cff5d5a04b718f20ca4eecc93e64d8b;1;False
fb6bafb1bd033ed02d11df07d2290638;1;False
477c748c4a72611142ff2d5160e0f3c8;1;False
224b595f35cd6171ac3c12fde7874c2c;1;False
bc83a8a8ed40b6373e01dfc5e2af9c28;1;False
89adebbc573d1ef5bc135564a358715b;4;True
e018593dd4d09d31fa8c684d471d27dc;1;False
ed4bd032dade9cbd7862d28088c084b5;1;False
ea578d20a855db1a9c3ca6f4b4a28f11;4;True
c945bd83865f91418775f3ad15c541cd;1;False
0721a7f10e3ed59914ac8f1fba143979;4;True
842cc56f2a1bf402a41ef902da01e0ce;4;True
9e2ef8c271ab706813c9fc932f39a821;4;True
3f127a87175ca85778ab4566882448bf;4;True
682ff471f34ff0f0ec8b1c33d7e03a11;4;True
540354d4d7072557b162659bd2653367;1;False
c9d311b816b02f2906b9ef3f119e0798;1;False
3b3b85adc66fcdb8c6b144849e4c9edf;1;False
ed641cc66f398a3480fe4f0e8dfc6aa1;1;False
3940c4370c5d0c943ef8764a86622d71;1;False
2063d8722848dc8e27ad1189e0444b1b;1;False
f55b40cdb301d4b54ab572a655fd412b;1;False
b2b5c73e51b5f209fe28f6b4b9034172;1;False
136427ec5c8f990c9a38c7b197b26791;4;True
f28d7da5e6b54dc62e702da3477006a1;1;False
06c79a3b69a92e582ec2c6307a78bc8d;1;False
d9ef6e1759bb9e46c29177882c431702;1;False
845109dd9708d03c186dd61cd64799de;1;False
933491720d5ab1872e3b98a5a06c981b;4;True
ed5581b712186d406f05fc25e9c66575;4;True
c9af5134251b1e05958bcd8cd7e633e0;1;False
9ef8eb05107a2799441947f75746d30e;1;False
e44d318064c20547d3d7bb16c82cd9a6;1;False
5d0121d9a9562b1c0cdbe06ad3a36d91;1;False
b348cdefd003001580150e21b8e8ec9d;1;False
af51bf458d3d6a9aef5d01774ca123c1;1;False
6ed8ca035f71392b50f66ad9607185d1;1;False
67082031af7e6b233b3d5e36094868f4;1;False
194fb666632de5be3c1413f5889b0ca7;1;False
c7d4219f98b6c1c4f783bcf7acadc59a;4;True
48d1fa4d06331faf0276d9ab40f203b2;1;False
525cfb330f7edc1298bcd0be887c4318;4;True
4eba1a51059d0e6bcc5963927c5bf255;1;False
4b62cb9873559d4d925aeeecb763e514;1;False
1aadbd3e75867d878ba798742df248b0;1;False
eee07c5ef8c9d49c5cbb4ae689b76179;1;False
971400cdecbe5c16001c8f1d74653cb4;1;False
ec5951bec760e3d149092f0cadd71119;1;False
1f8a4130c7bbd9e44d591ba6d9a1a38c;1;False
d987c51792fcaa51a8916b6687b09d81;1;False
e4127449d73c683031bd163b41dee0cc;1;False
03a77b2cee9aadbe6e0f3e55c6d1faee;1;False
6155bf600b5d15ce7fe66c9f40bc873a;1;False
67b717c1d539538361d5b84478e7669b;1;False
d82ebed9e2d11e7fc5857577c717f5dc;1;False
80ff0b96ad15e59f1bf2f3424a40056f;1;False
01a37ede9550f656ea1c12139ced1ded;1;False
d9e8ccb424c58fa23e914dac00ab6633;4;True
d1a5a5477061e2ed8386e05a2f378d31;1;False
123b393205ec571c8aed299d6be2a0ff;1;False
6df04c638ab41abf2ebb6a7d2e9aaa01;1;False
b8155807a36ac7a0df326450c0186255;1;False
86935aface1025450ae5adb11cc67744;1;False
568afd36961e194025e0fc5687d08e73;1;False
ca3090b29f3b34caa6e07204d08e221a;1;False
34e72b1e633cf4e096e88552f44f5058;1;False
e47ee312a807254187bfbfe9f6b811a7;1;False
47ac8bd6670c5e505675b3c90477e6a3;1;False
ce0bfb23a2be220e2e276ebad0f02b0c;4;True
eb0ce71171be9c02b1eb819c9998e8cb;4;True
22248dad60bad4e8bd0bdeb09e7718da;1;False
eb4767608be482f4e74a078571466d13;1;False
abc814f0825cbd6656e96e1b14fd68fa;4;True
9cb107ae328f3db70db46453b734325b;1;False
5146fc77fab3cc61aac57c876022ca5d;1;False
e92d2a77b283cfc70a5755c5c18882ac;4;True
c125a84aa5ac9216987a9e1f725b8e64;4;True
d5fdbd6a4343671c5841121e6c3fd467;4;True
81ef3772564804029ede1a4691211bbe;4;True
40d73d466d1e32c0c644b85fd7e88ffc;2;True
34d2b937782a696119a91b09bf30f5fe;4;True
c5b8dc0191f93a77eb7c34ecb4b88c57;1;False
f86a8d527c6decd2a8b810f87d4cc943;1;False
43a9f1cc8ac67607d7d9b750681c245b;1;False
e64b587313f291e9277af65df53545f5;1;False
293db0570d75e45a6c033659826338fa;1;False
a7a95878f3a55d235276b3ef3f31d612;1;False
5f89bdd6c2aae2435406e5e6a37be3b5;1;False
79f399c92657a67461e4b31da83cdbf1;1;False
7217cc6e03174d478e594210053d721d;1;False
20d44cbc984c391122c127c315b16ca7;1;False
6332c56cd4403f39f4a8859f4cac44f1;4;True
a0f305e10ce14f52ef054e0c266cdeba;6;True
93b935f63975b89c2afca6540bdf18f9;1;False
7a04e98ab699dd0e110ef3706fbd10b5;1;False
12d0d64889fe56c5789f8b73a8813ce9;4;True
e084b45e2b061788370d9ba897b8aeeb;1;False
708d235a472776ca8058c94389926f16;1;False
72f2556eccd2f726a21ccc0ec0f1924d;1;False
1df0638abb41ce43e61dee6f1bcff32e;1;False
60d8570da6b1d74020491f13fe2868ec;1;False
883720c062588ccd0fc35891b9b9c6dd;1;False
401ba9eedb5df0b1ca6cc933214a60a9;1;False
ffd3513e4d1eb899439fa8be8939c5c8;1;False
a2c272cca92db0a06a0ce1dea658e9cd;1;False
059ba8aa30a94707f1eaeba87d481fa6;1;False
251f04be814773a97337185debe3acb6;1;False
aaa3fb994e87b24f712ef61ffadc413d;1;False
9d2cb33abdcfefa9a56bb1f7da4ef263;4;True
a5322615e83b66d9b6c5e9a50b3eebb2;4;True
9b380935bb5cafc75690b44f04f04281;1;False
536691781355a8c2a053ced18182703b;3;True
93f4405e39a6190761a19cb4667f01b0;4;True
f59d583379c3532558bf84d0e55185da;1;False
a216903545b14e832f126c8d346ef4eb;1;False
1f89081488070731e7b3b61c0f0daf4a;1;False
e6929cba3b612881ea64e78bab3d4f06;1;False
bc7ee7e3430f1afba955576fb4115b96;4;True
ff8646db0972e092bb0bb1650ab9226a;1;False
6553d17dd9980e40a9f99c5d3553bc31;1;False
c64c7a7c27c3b9b76b1e0b9997da6afa;4;True
b95ba20f34b5b38769462f1bd3e75df0;3;True
6701d692677e21a271029823fc5785c8;4;True
6c50248884c8971bfbc65582829ab15c;1;False
13c9d7a1ae657a9c90f92d9cd27a44a4;1;False
914e14a6d7646d24918061cd52d8866a;1;False
cc7160369a829e794741691e1f54e09b;3;True
506361924b6001a487a2292c49c249ac;1;False
0c9ea3dd6e7e08ac3880195a45f0cdef;1;False
a0ad4d7ac201b012756a1dfb7ccc1c15;1;False
b2915d2677f8da6d23b3b7be5fd18f42;1;False
98f216adec2b515c502bd622e2081ca1;1;False
8b354593c339d94b97ab969594c87038;1;False
230c61f857f4a3f03e2e7dd93b89948b;1;False
9336c98599e88e6065916c3970ac3287;1;False
3b8150291f815021031a32c62050caa8;1;False
d8b4932c5ed7acd128dd88dd29d13469;1;False
70a4b533871068e51ce1952df8206d41;1;False
d60cd31382d98a8eb82b956e345859a4;1;False
f3fb433be3753d4b403bd3bb0eb73af1;4;True
8013308d909ff3045791939c1d73b8d6;1;False
0eb882f672f490f09ed919e2796773a3;4;True
ab8c697a1d9dac98114451ef1ba2c0fe;1;False
49acf0781d3d0fa88b551012a1fb421a;1;False
18eeb45489d46adc7046bddf16154b04;1;False
c8178adf11c91d4b05ab6b25cc421d3b;1;False
cecf4da70a8b544235be830e00f8e080;4;True
9c0fa8ba465ff4e688d1e8275e0e9a29;1;False
8a8989a8d069702c9f6765323f66b3dc;1;False
ac60d86847a47ce11ae2d8fe856dea6d;1;False
92562e3c7922ebeb0caa92d582660011;1;False
8b87f229232dfd384155f297dd430e10;1;False
171cb5df9cd751daa8326cfaf2fa0a4b;1;False
fb719105bfc0455f9899ba64539147ab;1;False
4778f26bd551e2137c6bbb601c364e8b;1;False
b06f4c2f92b5345c4128a3b0c2f0aa6f;1;False
ec66995b76fbc10115f9347c94e729c6;1;False
0937842bab128a850682ca03c1620500;1;False
2fe56e7c074bf429ee4f63f3d368c6b4;1;False
304de354afb8d3a0a551389e77d062e1;1;False
64b03263da59eb758efb1d477950cece;1;False
c55b45ff45e5a81d714d35c6d3806199;1;False
4732639dbaa2013c449c5bb85114d490;1;False
b8bbc97864a6fca14e38f572341d26d8;1;False
982bd54146ab94b75990bfee3c13659e;1;False
d1924c745367c2424d1fd538da3abe1c;3;True
ba6ddf2b0344d22208db120188cba871;1;False
a4c1752d660ee9be7459d2b92bd78e20;1;False
5b0a38ac3ba44cc9f67aaeaa72fc6f8f;1;False
1a2256ddf2e459a7b4d88f25272ad285;1;False
e73774dd976fb33038d14b00d3aa7891;4;True
b713d099025ca4e80a7cf23fc37fb84e;1;False
f4db6e6b50983255d8646ee0c88f57f3;1;False
9d8f67b7a8a719a120a6f02ca91d7079;1;False
af9d62e2048a8859f2421b3622b2c4d8;1;False
f2a37c75153d9f6820d055c9e783128b;4;True
353d6d426b03277d82f5b1f526101a86;1;False
04947ef71aadc20771b4181c6fb36261;1;False
e07d2202e8ac5cec45b75a2c92a6149b;1;False
0f45b2d9c31052991c50ba1a810ba128;1;False
864e7ec162c1ab7eedaa24f088b9fc4a;1;False
1ee9ba781d717db3365bb74b4d4d0f75;1;False
f5c6da1bb2d8714077bda41c5f199870;4;True
1caa76f967897237a22a035c88b1c4ba;1;False
23f30bd1726dabf3476b174e8df5fc6f;1;False
b1b77ba8651daa153ee861cee0758b98;7;False
77387723131a4ba445e5f63882781a03;1;False
aedbcaa9bd1f20a8b533e968f1f37311;1;False
0b91425105a51af7a6c7eb6b2c74996a;1;False
7a8af77b5e7cb2a5179e9b3fc56e5a2e;4;True
180f0ed349785226fa8887c077f655ea;1;False
595ce7fe0aff7e57214e61842f972094;4;True
ccb457bc72c2bba356877cacacc68c83;1;False
c9b631e48d971af0a694f4f007992b7f;1;False
7536ed8eba7df4ee58a165acc60504ed;1;False
7c2cc764b75896531e2a7b25e413d75f;1;False
fcb4fe0e82a1ac67795462f74df786c8;1;False
d80943ba7f57d075358c029d92b5fe41;1;False
ef421a39857fcb64cc088bb8dfc92ece;1;False
bd0c06946f201c28bd6d5d4130a3ea83;1;False
f2e5df5cbd70ccf277b77732da27f1e8;1;False
fed1b86a92e9a414b110a5ba52ce88ec;1;False
8532e027dd96a28793fed101ad1c69dd;1;False
aa1d93fa13a69a24461bd476fc0fc80a;1;False
7ea550dd5cb4010c9b4a9133d67882d4;1;False
15180d84472532b9ea952097974b1a27;1;False
5faf9709bdd24958ab23c13fa302669b;1;False
57f98112812429c28def64a14020b242;7;False
b37ce79bf563844426c7452c38564acc;2;True
00a1e2413c919d6e392442533626cb92;7;False
3619bba8933691068c93aaf05d36d92f;4;True
30484d0549ab4401ea187b2f80bf1c0f;1;False
5d2a7c11b03040631529ad2f9662e613;1;False
2189e5fe6bca7da5cb51a4886284ac67;1;False
340c9afe33752de625bc98c8e4f8f695;4;True
8e8b77c9b80b9b47a04204ef736fb8f7;1;False
efee8c8ced39dafeee10734c77693a4b;4;True
3bdeb1b8d4c623671485ff1afe6f7591;1;False
4b75cd1295b91a4ec82b8c04ba3dbcbf;1;False
8fe6ce2fd78c49784c5e152a2854e833;1;False
114fdbf60af9c99ffdfb4957033eeafe;1;False
4900d43d430546b581dc72cfe7f1022e;1;False
ad8ed40169e6050e6b93e75e3d08c3d3;1;False
727bae4fcec893fe1d856938640ec193;1;False
ebfa978f3ae2d1571764d576dfa3f278;1;False
2d5aa2044bbdfe635d1a8ce9cf290190;1;False
9e53c81001969f12986374ed8c107d26;1;False
47c9c84fdd47c3f50c4ceeb8a1c022e9;1;False
bf6a3ea6f15c2c9c96a19da3f3ba9e43;2;True
59a5bb43d51865b1d07eb05e6808fa0b;1;False
46c84a1c71f1eeac7cd721ba14d734a9;1;False
36966772b82619cd14dea889fab924b2;1;False
e60a8fddb175a45fbbe1fb6bf2ebeb9b;1;False
0bffe1e218e3cd45fc6db44abb2a1034;1;False
b556ce78355d2fd832bfc0f59d70eda9;1;False
33a4580593cbeefebec54ee1c73a1971;1;False
a1c72f5c0d360d8b89aa5a9bd7cc9568;1;False
6d9e3fb34baafced809a190cd4b62f49;4;True
d8c959d651d265cbc186412c3aaf0050;1;False
d406958d7ba052a6a4b35c85f566ac1c;1;False
cf7585f3459db259cca6261c73bf84ea;1;False
6da10433c48ba45998e65ba3c64d73b2;1;False
3d59e1733bf074d8f1b7a244eafae834;1;False
2e1371cfcd980e966336f9b8e5c868e4;4;True
de75eb121afef673bce3ae37116953ee;4;True
5d42542e546a85309b9d9e2bafb4e4c9;4;True
05fa33e33ab034a53801eccffab8a8ac;1;False
590ab777023b70c1c60462f120ec578a;1;False
1c734c5353f9b37650afde9d22a6d4dc;4;True
a84243a0738b0e61aa165cebec2c06de;4;True
067d2fae5550e6bcc9ff7f922838f8f1;1;False
d1fbc73fed740f275777e6416f51c158;1;False
0dcecbcc0a397c6667d85a6d12989afa;1;False
f9164dfb4f3d5b7348c41a6248a30405;1;False
b7b9e1711376f41518f114383b08d532;1;False
03da6b1bf0003457271d04c5aa3086d7;1;False
03cdcf63dff311dde7c38e04af1ddfbc;1;False
7b4541ee8bd0084678322602ee057ddd;1;False
23171474202de9442c792850d9cd798a;1;False
f217c54459ce4d0ba82c8240fb244ed6;4;True
0329a84a545fa3d48925b8ed72520581;1;False
ea6a7b8c4fe75781288261ecbc90e516;1;False
da9addd1ca606df8ce3d28de286d9da8;1;False
9d470cd0e6aaedfd811a1d541ae379cb;1;False
76761974a8b4bbaea9265080f124cd67;1;False
e73a5d2b071de860eb2db8c36eb58e55;1;False
3edbe0ede1ba273ab0db25d17f827b12;1;False
2cade907035806d61e2825860ed09886;1;False
7f0174676cbc825dd556d9e76ab503b2;1;False
46437d5a98be346eb65d1b49fcc6e764;4;True
f66b45cd180f1b62156c27570669ea10;7;False
451cc475f70282b53a887a96d6fd24b9;1;False
6b6210b1d5db4c5e60a1a38ed88dd11a;1;False
9451defc0d9ac4432f41b6a8e720ad5c;1;False
c92255e6bb034347324a0ef67c382894;1;False
d18d686824dd84a709b7b2bd110d9d1d;1;False
605b3f175a3097609d7252ca5afcc0e1;1;False
025cb4787bf6b380ae1504119c9e14b7;7;False
26c69163cf36f3c200e224393bdbd1fa;1;False
86752187f9b846281f2fdca9312be147;4;True
ce996f0eff72e8ab05b94194d8aa5b01;1;False
7a19984450f44842e662f88351b6b561;2;True
80034050e37ae4d0253a382bc38a8af5;1;False
077f7345213471a77e5f1f91eded5d01;1;False
3175f895c3f5e15a8ba8c9e9c7dca561;1;False
0ee819fbfc1e12ef12622ca6b83b99fd;1;False
72c2c4ac3b782ec60e3de74c155f45c3;1;False
a1854456100d793d004064ef8ddbfef6;4;True
b2c277fef3fb8135223acaa5242d23f8;4;True
1857b75be5ac5e237dc61763478a2326;1;False
3433cd4ee50b69ec29f8c41eb0bf351b;1;False
5f3fd61077eac74e093eadcb2087bf04;1;False
404d8dce32be7dcb2e4160aa78c44de6;4;True
8c04b24f8b47d1bc0d09dc45733b4235;1;False
acda4e5d66d28ab616cd34fd09055b05;1;False
f4e6c77cc5614c657ce54a481fd0f362;4;True
891cf5e761776f179321df4d92c5488a;1;False
f2d03f3134f93f9f6cb452ebd0837612;1;False
d1f65884b036404f96fde3beac4f4006;1;False
d4eae6f07389fc4caf037b7ce6878bbe;1;False
65452346e45c4e263f347c1eda1a5b2d;7;False
b8e2d6b46e3cb95bb185b371c1c95e1e;1;False
14ec46b470b35155111bd1df20bfec82;1;False
a5fa73f035c7ed3627449e45c620556f;4;True
9f32d5911dfa3f87c8a3ad3c159f5fa7;1;False
3cf5c915749462cf582c36541c0c8c42;1;False
7be2d9543313cbbcc04f0d97044d744a;1;False
eac4474a2a7317c98ec591d4fd793499;1;False
e86cbe48313368fbf08dbd1e03506def;1;False
db32082ddc8927da499f37503a8eaf09;1;False
ac9111148c7689a8830ae8e6dab57e8b;1;False
01a779f8b6634039e186920898e7a270;1;False
3707afba940fd70af6f30ec5c82de850;1;False
eb5f95cbf7cb745a5df06c36882ba384;1;False
57b0d24cea152ba1bd6b634b7f636939;1;False
941c9c9614c5255d5d9ef18747cde478;1;False
c55230ba10469430fe7f5730e1ac58a9;1;False
f6c463c9aac78fd68f6247326ef2f679;1;False
325e397adfebdb1cb90b50762a1e1f31;1;False
34dc0d06950cadffe20bf76a60d08889;1;False
b0289a4dc13b708df009f2ffba30fe8a;4;True
46fe2f38e7e10be55cecc7e87599e88a;4;True
433c3fc145746ed8d72d8d87c988e768;1;False
62a4260914796379afe4636304398c03;1;False
72b02caa09d192408cabc053888d1b13;1;False
f12c49a6c4f975b81d709cba902ed185;1;False
11af11859dbf89cb568940472d519ca4;1;False
e8c6d6f1c8936ee69a661ff5671c1701;1;False
fb25e2f597d8ec8c04ce923a8405fcc5;4;True
47462f845ac216d72629acf0eeddc842;1;False
1509b7efb644209ddc5a39e8c38270d1;1;False
723cb1e49ae75e80a41fd2ae982f1172;4;True
413b8560098dc90bc002d1011614d047;1;False
a8632bb0a8b71aa31dfcd514d532442d;1;False
f39e2ed04d180820f05d6ff362aedd1c;4;True
7bcd4aead78e0e3d42dfa6ef9042d98a;2;True
060921279f672374055fc93f1b172764;3;True
b25486e06c0becadd2e72b49fd7f21fd;1;False
b9a1afcbb406cf7490bd0370776fc45b;3;True
e767a496ac211ec94a7f82f905a51393;4;True
dfae946e4721c3470994c90bd5bd393e;3;True
5fa742ba383d156db2a6a6fb75eb9450;1;False
25709c2d47e5fbd63e4778e492b2179e;1;False
fe70c8635f1d198b50f3825123579474;1;False
bce4402eac13a7a915b9532c872e044f;1;False
91dc2ea247c333b78d5eb80b187e9739;1;False
61feea785b503195f0547eb6bff6d53d;1;False
9fca5e8d73098cb0bbd103ae77b16030;1;False
c35ec2d4552a950069b390101bbbd27d;1;False
60aa249af9cf9cb25ef077a9c2150c7c;1;False
d0691a83bd2624c309b05cd92750e7d5;1;False
62393675158b2820b41fc24364996330;1;False
3d7c94650304a64309408b9bec493b4b;1;False
ed8b31bc9d3c7a4da3297c4a18f4b041;4;True
ea6c27a337aff6c262e8316984ff72e5;1;False
83d4b0db114de5fd6a25a808ed46e951;1;False
826ea1241b242aeec387ced1ed2b48c2;1;False
44f90d5290e2b4f4f1db2160c57c4a91;1;False
52f5cabb08fdb388b7898a4c3cf87791;4;True
ffe2cf59fd608d1bd8d319543fef4d0d;1;False
164e42585745da97ffc38c6c78213242;1;False
8b3bbc0103ab0819c5a59161c8e2d9d4;1;False
57dfb34b090944150f5529bf41d9c4dc;2;True
69ad1e3ae2329128b1a77ad30e0dfc2c;1;False
336fdd6ec3f6638a781e47a7216a5e3c;1;False
89ea8b41a00261353e31bad6b6b8e242;1;False
80afcb0b924049dadc361d4be523563d;1;False
5568046e471b326d49427dc733190e94;1;False
1473c15a38fa86c38094bc7b7fec4ae6;1;False
e2defe0238fe482b5a294b7137d7df00;1;False
4f7e3068d059903cd049c529ebf355e5;1;False
fd95f306f57d44bbd5f2fae885dfc5f4;1;False
66bece42846f88ba23bb9873a0c8e0fa;1;False
cecab39178070534c33c4608381d3642;1;False
8c4934db253c5a8d7893672c75c4c605;1;False
3835439b19f7f63200f1b11affed866f;4;True
d234372663d5b5c493c8e8c92c849d89;1;False
0bb33984e130c40417c507313886ccef;1;False
16833f51075315d243daefd92e89bdce;1;False
ca0b3311ee0a4442a95256780b279c23;1;False
352532664b72944130159a645e02c578;1;False
8e1ba12e44ea40db39de650dd16dcb6f;1;False
fce54544f7ef045e87eb71c89a7318ab;1;False
f0a3d8b502f271c67bfd06c15a0d8b4f;1;False
88e22d76756eebc4f0827f87893b8189;1;False
adadd65f8bffa8083204ac596e945747;1;False
c4cfc432de5497092315a020d10e3965;1;False
7ccdbf82fb9509ac163d27fc05a5b0e6;1;False
89f7670262c9e88ae79606ca46d03aeb;1;False
3fb837679d044b2cf95a52e3370c2045;1;False
ca51050b12d41a6784e9328cdd6246dc;1;False
a9c9fd1ddfd24f6900c5d184a112f9a9;1;False
37bdd247f63c76582c331ada2f85f4c9;4;True
6f92e950594699671861dc5962019e5b;1;False
091d3fe447c4f2cac5a1b25d72d76ca6;1;False
265a8bb6b700b7e270411f5ac559c827;1;False
a846d352309859883ec65b185168e424;1;False
2b379d032282b440af6b4e216f9b7b03;1;False
d7183089e31e393b0170cbd01700977f;1;False
eea9766affa1ffcfa3ffc284f0d9cadd;1;False
fc98ed149564787bfd062befd5b370c1;1;False
75dc53b7a25e2b0dc38436f4d47afd8b;1;False
76ee16edcc818768a2e694146200c62e;1;False
7e8f9fbc43b4141f9b900c14deed57ee;1;False
341cf1c75eabdbb85e9c65ed770e162c;1;False
e39791622d55d24bf0ed57ec3c353e7d;1;False
b1355b0b9cb66a5bfdf124df68a360b2;1;False
5e34946aae23585ba0e1014a8890c7df;1;False
10c63226370aa565acb3d97206a2b191;1;False
08f9bbd025373e6df217a68a05565d9a;1;False
8ee5b8b8571f6bd724dd8f3711da47cd;4;True
ca77e08e2c425e31d9adaee714a3eecf;1;False
dfd74b00889a7c319e1c8f181bd53587;1;False
40d7a90344d82fb4e21315087d6d440e;7;False
54c8e757f8c15becde5d4c6f667e2bb0;7;False
3fa4463739c8eb2a829e52b1c3b73d49;1;False
92abcb7f0ae50b0a3dae3f6ca530d654;1;False
323af4acd09e1bb023364ac1f0ff55cc;4;True
51cdb062c99ed38f2b8bef9fe5bab1ce;1;False
033d876a8e57617561dfe55462693689;1;False
40e4f0878a8a694fa7935c0103f7dcfe;1;False
ca06ab3cb4830d5eb5f737fd98afef0e;1;False
3e1a65c946ca8f6043e8a76595065e52;7;False
276b72ea5bc624eb4546d8ad2ff4e399;1;False
63b7c772877a570d244ce000a64d49cb;1;False
7b22a8b5c7cd8c475abe2fd28e2d5f13;1;False
59e68c2b39324e8729d3cd06586491b5;1;False
5c8c42573bf610afc37215bb80dbb769;1;False
c4efb524ba9950859513ac554eaf3408;6;True
a57bac334de6e1ce3f78ccc82ccbd520;1;False
67f484862e4364fb7f487f612e0e524c;1;False
918632d25adad434509a8a0316758db2;1;False
618452d00a628665901bdc3151265e70;1;False
113668ef68be56342cd56c83b2eb19ce;1;False
918a4d4364fb2ac61094f80c1a3d4a80;4;True
cf6a9d8aae6db81628cc1e37af241659;4;True
b034dcfd5cd8fc0c396f1058e290763d;4;True
3e407bfd4d95b7c91336fc4a14feabc3;1;False
aaf2164a355955a28865b1e99e6068e2;3;True
6214acb72a2009e097a9f15e69d35edb;3;True
6f7bcaf1e641f8126f945f915a8465dc;1;False
2c88cbb81cf526b377a1895c0d205062;1;False
88fa3a174463481a8c25d7af535c982d;1;False
7405c9e2a8fd72e3b6b25d341465c53b;1;False
ac31905ea3cd279e7ca082cbfdc59e38;1;False
11c5bd883ea169bf94f7306a24ed3ed6;1;False
14cc672bb3a5b917bf254d979a8165da;1;False
008bd1a8b44ff03dc160552cf0514a92;1;False
5549152c798dcd8bd720c6b1b7b9f7d8;1;False
2c5f22654cc480a3dec2790d09a135a8;2;True
c1f54843baba6c9b350f71499d14be4b;1;False
60c38e230be7b353ba96b5d7bcb146f3;1;False
df2799780696a66462eb9dc204cae05d;1;False
a97579c1cdfa23e36712f9c37e82231d;1;False
4ac1bee912ef23a31b1d9c5ac03c95ac;1;False
e63baff797c0f1755888a2cbb22c4935;1;False
0bc2555fe882a91dc0707036be3fcc75;1;False
f917b4c84b38dc554adfb988ccc9a6b8;1;False
eae2e6851dd2d9025c4420627290acd7;1;False
1443c71b1a5e24795bee7ffa22e62107;1;False
97c742d3dcbf89784984e4c5f42ad5a5;1;False
81d3cb6f9143c651d968ccd66de30d5e;1;False
e70be961341de718c92e8fb5ea774637;1;False
bb88fe6c0328912f0bb90beb4fb87109;1;False
9bc63cbb6de3c313714404a8237dba1a;1;False
069a60c6a53dadf26604b923c71192bb;1;False
23f2da77437c49eb76f0f936394a12bf;4;True
d08fda5296062b205db6bd2a020616c2;1;False
6ce159fb4aee9b927c2157086f32f925;4;True
2dbb3e289216769a229cdca0f16b8ff0;1;False
e80bea12d70998f78b119575a44b6d66;4;True
7ac91768fe0fd7a397b235410886ed43;1;False
b99a368143cce7b02099a7cd5a0443cb;7;False
95a94f7ea0c927900a3220b1b87d36c0;1;False
65118f43a91568bdad32e79bc2d8e725;1;False
d593022d8c293b79aa2b4df1dbc72928;1;False
726930b00f35ef4460b8e40e70515401;1;False
57eb0334377d3b55411b362dca41dae2;1;False
c61235b236d79b79126d9af9360f2f60;1;False
950e596bed11d7e4042c71be0d869050;1;False
702878f4be7b914f3b1ffbfcda0e47b2;1;False
63b1c493642d8fd8527abb93bf2a3867;1;False
b2ac2fe5be5547e864f00b2d0f3d8003;3;True
0979bd390ae05e4f1562079c733ff4b9;1;False
f16934cc36ac59d568502ac3a9d34cf3;1;False
96d2facda5a2da364d4ee9cfb9ef1df3;1;False
025e238152ffb1b0965c5575ab0cfe26;1;False
a8885f2233bbcb4573cde01ef7b31960;1;False
3cd9808897e140645d278013834b9170;1;False
6f634ced6b47a7302d10e4c16a7c6d2c;1;False
0880622c454aa613513589c9957b85a9;3;True
f8dcaa64b0c8f70434f098e48801efa7;1;False
4a2f0eaca210e8173de0df9028e53d7f;1;False
022471581122c5acda8895fc0d9ec29c;7;False
452087c4047d3fc027c9daa5ff4cd427;1;False
2fb7069c3dac9a603a457c591f292c18;3;True
575fb199a778c70469698edcd6238d62;1;False
0d9c11c77fb14d5fb56beefe02e98b9e;1;False
5719205b4f3151a94de34c7ce59d31a5;1;False
99902003f3377a77b587f30e21fa51c3;1;False
5be59599e32558d6088dd812b05b4664;1;False
3cd73c97de8751d51309ffcca41a2ee5;1;False
cea5215dc996137c1022237f2e27370a;1;False
dbdae64b2c5ce414fc2c5833c3cee0bf;1;False
8eecc0c26cca9fa114835cc20da0c2cd;1;False
6fe583af5b56d1a79c01a4ab629b6fb3;1;False
747f3d67a496d7669dd8caa9a3d46247;1;False
16c9fa4562cc187b993313661032ed81;1;False
fabe694fea65e5b15574f4eaa2a190a9;3;True
3a9f1e0865c05de134a4b43c1f235908;1;False
ba998a0c6683a21c62df2c5c6893c57c;1;False
8dee72bacfbcb6f11da22ed56d6dcc23;1;False
2bbd5092454c720d94e39994804dd90b;1;False
2fe9d1296e19268ed67ee7b6a0a7a594;1;False
d8f2841c378560a27f9e66faeb9695f8;7;False
ac864da5cdd5988b299331abca5f1689;1;False
0fee4b420920d6d6ca9ff4c7643fc609;1;False
733a120fa0e6a8e86eb999d441e692b6;1;False
ed803d1f1c7fd2be543afa27bea4bd18;4;True
4ae605b3d0e725df5ce5db6dbf50bda7;1;False
240c94c75f6e3c46224eca39c18a6c04;1;False
7a2d51921b9e77f9d31d541d5deba84f;1;False
d3aa42709ffb7335abae154cadcf0863;1;False
9e14e5e3bbe48dd8df82566d3699d3f6;1;False
15ddfe61665529b985dfaafdcec3b02e;1;False
239730ec68676c53281202a6e93a2ddc;1;False
587b905f209dd6a8bb2b1483ba5c631e;1;False
823b9cea3ff46d7c7e2f6d40d1300a44;4;True
f364c028dcda16de9bb104ff9ef8fafd;7;False
916c28e6535c3b50c76bc03cc820c236;1;False
f7cd5f61bb93c2bb88b37589a440d7bf;1;False
f8b6b777e4dd18d1858210a702e7454c;1;False
34e79a0afd93f431e3962051cbdfec84;1;False
02d2ad06afc4bb83a293c4e7ed2ae5aa;1;False
d20a7f9b0108690baa198d0a2b4b0ee8;1;False
c0c4772666705e1e8e1754fd9aaff772;7;False
c6f440b0cff60f662de929f6783b0103;1;False
da810965cf939fc1ee7ed5e8d7f02cda;2;True
c343c86936a6443cb44b6f3123040d87;1;False
81cd91e90299d988222ac10a1088f145;1;False
a86cfd7f742f991fb554463f17537768;1;False
0212d8763ecad547fd80fb787f6d4e90;1;False
3a12d716b3aff2c4c361aef5831499ed;1;False
7f4038da9e1fb0aa745adcf8cc8cb832;1;False
2562bc307ca86ce4aa8cdd1b9ebb609b;4;True
d75ecceb0841bdea3e04c45c9eb79444;7;False
20aa4ffc030c50d219aded8b57d2a49f;7;False
9377f7ae17ca7ba92dd1a53a5095ed4e;1;False
8701f7772d76d18307d0d690ea7182bf;1;False
22ac64c59d13bbd82845650525c1ba13;1;False
f8c28ba95a9b742dda7cc23f68f9d514;1;False
8a4d80ab36e6a0a511fc9854c1ad96ae;1;False
7b4d9ac56af0da2610a970f0d4961520;1;False
4a3840f3dcbba5b1b810fe9ec441f6fc;1;False
14adbb86eaa83958637a793f65f70266;1;False
d7647548b4d3dbb1d6d6ce52505e72f8;1;False
776ef484a6a0508f0eddfc3556a89f22;1;False
0a6f2e0591e40d6766b21ad241550e9e;7;False
73805934ee9092f13ec3d9655d800ccf;4;True
cffb1272e7375a1b1ae39a08732f2c40;1;False
637067cfcf6a781a12c6e5f77eb4f5be;1;False
0612d3a2058a5861c3a86e1405eed12d;1;False
5552f88cc2d5bf419c7234dcc6d87a43;1;False
af781757e5189b4de6dbceb7f7c51801;1;False
d89aab008d90dd1ba846848835d0b45d;1;False
24aea309da5d3a6e1b328492d9edcd03;1;False
a0240d7f82990009412be04369d5c7d1;1;False
3619c93da3f2d570c2bb475e3e977417;1;False
54840afd8519fc40c4e8dd117523daa1;7;False
cd977ba21b6b8e6c8f2120e2c2881474;1;False
9516a33606bedf21f26f5cac8665a94c;4;True
e7f6c89819857adc5bf696a74938c124;1;False
9078e294bf238ade4551e7f0899cf8a0;4;True
56db3ea9339a2a2d8424804dd3842641;1;False
54856aee4d5ac434cff72859e06114b4;1;False
2a9626af2ace8144900c86276c41835f;4;True
93ee5661b10dd01b63790b0692fccd25;7;False
7f7eb0134581ecb4ec990d12f5845693;1;False
34974ce88cf429da194985aa1d847612;1;False
2a00912e31ff6011897e96ac02f4dd68;1;False
27cb25c577d825984f898fc088ae357f;1;False
e7da392941027cd4e3aabf0eeada8a69;1;False
cbec6cc2505651c3286b92504b988ce9;1;False
6c75b454d3dc8a966578d90914daaaf0;1;False
0dc659b8d5a5a0d87afbc17f6ecd6108;1;False
1a7c7693085520262c13cd9c4c653b51;1;False
c9c0dc899824df45014466774e4724a8;4;True
aa183ea414de3191e8b2f7dc7a8dcdd7;1;False
0c000b13f44c766f6877daedea49b18d;4;True
55b19239be62a89f14f0fc677da8e6f1;4;True
65231325cf4656b0a8c0fae6a49edfd9;1;False
38e8771dd92d4cfb4275ba2e0627c9f4;1;False
e6726ab789498ae3c287f6cafe014031;1;False
12ae5033e6e7cf1e8f5b536824a665d5;1;False
ca17910cea035e3540544aee4afc7ff1;1;False
1a2289d224530bcba25f962d0c848d94;1;False
a21d049ba69d6953e732f015c79772bf;1;False
d7f25d332922785acc84d9e3f131f353;1;False
111a09db578cc493c268409ab2d0e4e3;7;False
2265e0157e17846a0beecc30fd0feb62;1;False
807e9922615afc4e218b079a13fd49f1;1;False
e39511e3ed62bbad8be49bbd2932a649;1;False
2ba2036116c059a6218460fa78586472;7;False
d231686f8253254cd0e5fbb9962e7aa7;1;False
a6cac3634a125c08e5cbefc1488a6515;1;False
43aecc0e903611c7b3fb5a5ef97325d7;1;False
6712b931db65a20b1373ec00e5dcc7ce;1;False
146055ea12733139a952763345b296a3;1;False
a59b90bbc5dcf6ffae17c5689af3a4be;1;False
f15c97d42a20603241494b3deb503246;1;False
e5697f2a78bc48b1eb0252fd2ef7279a;1;False
1969fea34d60a20a82dedda675e2b313;1;False
c41effe246dd564d7c72416faca33c21;1;False
cedfe45cbb118f9d290e7d7a77131fdd;1;False
ba4e7d5f95cc79e18d1448e671d7df7b;1;False
906b066f1db0a727e4b95f6fd87634a4;1;False
e1732428686388889b56443b5d178671;5;False
140a2c517c5c4cfa7f48c785eb789ddf;5;False
9dea1ab9b93d5ef053e6d1370aefc44d;5;False
001985e18df57100825deecb483948d3;1;False
76bdd440a7affb8f339f2b0236a48f3d;1;False
4f1ad47113d5716c39ff034bff6f7645;1;False
b5b999fd397b78b9c86e1b6124e5a417;1;False
1ce048bc8b10af06dbc513f51488eba9;1;False
8beeb6e817fa32ceb8d25f5fd8fcb3e1;1;False
37ec5b68a2700b6d20af92019be3ceef;1;False
316e093303f2ed7b4493f79032f85b4b;1;False
ddc227af1db25af18a77fd8f727dbcb2;1;False
0ff73b04b0eaa32866782dd31ed3a2fb;1;False
00d672e687664a610dfbacde9741e89a;1;False
e5b0ee8a5519969ec70f5722a90a8019;4;True
84a4365d08eefc565cc14d2efd51e87b;4;True
573749fab6af542793ac8ae53997482a;1;False
cb2a68698ad2c0c0e61a11a269356723;1;False
e84d829645112856c3be0b408e783115;1;False
6008a552b6dbcf8a28d2b4c2b8032d23;1;False
5659980b2f1e34963ede04313aad1724;1;False
c85218a7d071a49720ceb09f289f64f7;1;False
2f29bf8518ce25d4318c6d7d485b1121;7;False
de9dda4c0f00f08b8336e61084414fe1;1;False
bda9ac1db3b50158bf5bd804a0f9212b;1;False
3fb2d70dd6424334ba28ecb3706823f7;1;False
751ba83aed3a4d3ab85d8ecc225966d4;4;True
674e63480a88fcbcfc4b6c803d6b28cc;4;True
5ec0d94d67bf4e62aa1cb97bf73c6827;4;True
ed4b5f7827aa06766b5da7377dbb2028;1;False
1d05944053aec7cf9856a720d772e32c;1;False
e3c01595d31231dadbc26a7e2cec65ff;1;False
25676bdeb995861d438ad802bf001eb3;1;False
6fd95ead686ac1a37a103818fdb21103;1;False
ae1b10bdbfd95333c2623d263d038533;1;False
9a905e129fd846c48324648ac8459f8b;1;False
c5d82e2a9d2ea1c4b0f559bd676fde58;4;True
4626d532496b5bbe4f13b045ccd1b1aa;1;False
9807e76446ba81c658792ac55f07d33e;1;False
97aa8bd0b5324997d89c862db18ccc9b;1;False
5f5d243e992bedb66e9983910db323b8;1;False
1c54bd4f5c142a0929ef528fb16ac06f;1;False
04e24357dd658bff8cb71700535d048c;1;False
ebf436267ef7bc2d3a574aa83895c9b9;1;False
71c1459d0aafe2b7380d414dd0358d2d;1;False
cc129112cc9bb473feef162c10618070;1;False
b820388f6d799325c1a3a80877807762;1;False
7c78281d1f8ee089f14ebb738af1645b;1;False
e797e2c8adcb194517237c6b1c8269b0;1;False
d75dd3c9419feb9d2a5c31d917be69c3;4;True
601982462be368db2df81cff965763df;1;False
7b2534723abe679d1cae228b304d0d0b;1;False
35d1120c963d214c331c3b036377a0cf;1;False
1fcf0ddf25554bd1ae93b9f2bdcb71ed;1;False
303c340daa0504448b9b9afdb6396ff5;1;False
41544d38e84fdda9fef0aafb14506820;1;False
42557beb79b3fb3785eff0935aca1415;1;False
c546ef3ca0b7f5c08ed4f61de1ff9d27;1;False
4ba9ea879647bc9d2f0dc68c87278ec4;4;True
c2e38f3fdd8b12be3db3b3ceb86918d7;1;False
01507cdd3a0dcaf3a2b8f41e61f67407;1;False
f6eea118b1a16d49996f2b14ef2dc549;1;False
faac9ea7be02bfcd06ef3ef56f102599;1;False
87243f3f70da181ef46ca01a6769de68;1;False
47fdaf1af24dc56abc7267a01361ddd5;1;False
1add247743b57419969f42d1e65a9ace;4;True
85f42498289e766ac6738eccc6df7258;1;False
23a4e9f5f6c3409d14906f85fa8aa193;7;False
d741e75cefb1ae04a2778562ba667056;1;False
b9f9d1bea37d0b228b3444f3b856fa6f;4;True
4358ab31b5060c3ac4b5b54886766e7e;1;False
8da859d8d1bd1803a8af37951931663d;1;False
70823a03711cfabdc604ca6761a6fb79;1;False
4d70b0a1973a94c98b50a9fd43f0ffba;4;True
86248a018c4b4ca4ac80a6c719053f9c;1;False
fa5afadf16b399f9961cf3ec3ff230d6;7;False
3f0362797ecdd5aaebbe3c054757fa8c;1;False
875f17df4c1a5a92ea5ec59f1d775422;1;False
6ab4fab857121e240b9db516dad47576;1;False
3a4c0d5b1459218d0f8d8376ef305d33;1;False
d9a9dc34215befa3f8d1b2cbc0fd4743;1;False
ae84158d032805d41aaab2a967b37dd7;1;False
f91314e05275c11a4f578647ff01e246;4;True
aa3dcdcba6a55152838eb988422d078b;1;False
2d78fc21636cf23424f37bef10a80671;1;False
bdb77605478f24a91d4224dfb3a03a7f;1;False
2d87db45d96e45e6aff566a4c4f8bad4;1;False
b3f1bbfa7a48553a0b248862fbb0fdbd;1;False
5227223aff14fad99b9d06e517ce2023;1;False
947663cfac78050a147b39051e018984;4;True
106e78e6560e7ec353c0b6a7d2305bed;1;False
8a09b5067d533c6b5f82fae2f0284c5a;1;False
bcf2684799e8eb6e741dcfbc81cde9ac;1;False
c7909f905d3376d1d50e306a23a28e60;1;False
a774df02a832585275de3db40f132cdd;1;False
580bebc528e28f520565e69ef6de8506;4;True
eaba0257a0c6625b44ef50b67870afe2;1;False
c8e9972be430b9d57e5a92d5c3cf5528;1;False
bd8d775c913660946c6ae6bd4e33317e;1;False
0162b4b28392d725dfddb40704378fd0;1;False
0a82f8f2496589289a5a40f2d4da1890;1;False
2ac7c4709cfb873e31d307e2ac2f35ef;1;False
d9b46a17d2a58c7865bd2f4d1d22f7a0;1;False
0d41a86fae9ba656661e59c68ca915ac;1;False
daf311eb940108bb06c8163040f38afc;1;False
afdbba57116b3ad2befd3cc2de93fb5d;1;False
d4a12b4a2848c2f7457c3b99e2fd1c73;1;False
db3b3ee0253ec520c261ea42236b9d71;1;False
5dce0ae144568601ff03a3b1b059f481;1;False
ce3b3bf7baa5fc8f62394e1beef15238;4;True
fb135580f80d52d6e005ffde3314e381;1;False
ef2dcd21ae1a077d4cb2cfe67678a6e3;1;False
8371dbc93ac93fb5bdc592d224d823fe;1;False
2453d25f5521b534839a864bda2abfff;1;False
9cefb49405837991ab8bea9899fab0a5;1;False
b4b92146f298d8462a092c9cc90138ea;1;False
9a599a19d1e277137e3f083c255a62e3;1;False
194a5d9d6cbb6db76ed8ac0b04c8eb70;1;False
d19ebad3b1643d9d42fd1f4e35ec429b;1;False
278694dba516a387aaff63a2a0abe615;4;True
cbdac9be5d41bb64146876eabd9b26ad;1;False
e9b0629a433e496e4b8d30a154847b5d;1;False
8f8da207f2c7bf070dc87345ccd0b599;1;False
e18a681c5f7947b3a486ac69ad5c8745;1;False
3667b7d18cb8e126b855d82b37d0eefd;7;False
3863fe1fc11f13771a86b24f9b05af9f;4;True
2af2e70c0128933f55739ee65b938a84;1;False
37ea617f47c1250d31841aac16c7ec62;7;False
ac664574044855127de6dd4771500522;1;False
e120c8ce21f3f5591fdbde466901e449;1;False
e89c1fd47c001ea95881db7a11b33447;4;True
9c609dbd2e9290a228327cba50b5c649;1;False
88c03effb8e1a845cadad98211083956;1;False
e6df10b4ab494788c25cdd617d6b40e9;4;True
665cb6c9c7044919724a1844aa08cc40;1;False
126d11d8d35f88639f61e353c2ceeee5;3;True
e8f644f16fef47cea81a6cc3248f42db;1;False
f50e5ae4a5f2b0c3a86fc7f892209c5c;4;True
49063851f2fbc7e89eb7482bb329858a;1;False
b3d296c6aa5c9a11c44f5857fc1bd709;1;False
4a9a72e9cf54902fed36dff8758aa545;1;False
21fd4edbdead5d7490a86810ee4e5891;1;False
9c6712bff51e0235806f6635f25d60b2;1;False
59268494b9e9cc03b99321c606c2794b;1;False
bdc24a5f4486dfda0769c20c6637db6d;1;False
c588702f67e0e1219cdc68c255b455ea;1;False
05ab0e08b4976afbd87d856907ba9b08;1;False
590bc464c0855d3c3678ee086a88c433;1;False
2b476cf7c7259605180322b257ce1b31;1;False
18a7959e1965f943a61f6ac95be8aa6b;1;False
a7729525dc06a94826b22f41a421c6b4;1;False
e2a0496642a94e75e866ba6049ddc98c;1;False
68ad6882f7cd47437e58108e716cbcad;1;False
6c6ce63c55c8930a77e662c79ad1dac0;1;False
503fb3c19202336ce678f2d40118c1d6;1;False
80b7f60a66ae8fe2e842e6634090b399;1;False
fcbc0e8f8ee76c59defe991174135510;1;False
1102816909e4050340e4269631e3a57e;4;True
74ad85d3a3523b86058b16c1ea0c0034;7;False
767d64edf6a4efd636178f75e3284984;4;True
e84bf784993e13dc7e80c8c5d0d83d96;7;False
920467a52201ca4d2c5375d5754c97ba;1;False
2b1abfb6152379351756ab3daf72f2d2;1;False
0609f1bbf5e7080bacccee89f5bd4ff9;4;True
dc9c334f4058766d1784157b22a4cd3d;1;False
e85d50dc682b00024d6f8fe5967f9108;1;False
06ed9064874a4f25100ceee7f0aba111;1;False
14315b671b1ff048382403e24ab79b18;1;False
4bb921067dfd583a10408dd1a62c4fde;1;False
cb8903871f4151c0e377bc48fba2c475;1;False
a0368800aae36b2091351ba62e2cf47a;1;False
3d8611ab365720be431462f2167f25b4;1;False
97bb3e396c0396a693f3f8cb2f3654b3;7;False
0ee30e767ec5bcdb6d939cd6c0d9bed8;1;False
0b60b7e8e4737d480145f71831ae7f27;1;False
f2696ea911fcb56ba9fb41f4512e2d93;1;False
4be6c425c19c8b2c7c80fd58d3be63cf;1;False
6e725325d74997a640a6c0133235922b;1;False
5258195e3759d69479a62562872a1180;1;False
e4dc77e9a022e6e999ea96f7cbff44bd;1;False
be3f0607a902cdc35a8960b8932158d9;1;False
66c97de205659882acc856f836e1a0d9;1;False
33ab243a9bd516bae36e1e29291a9b68;7;False
454caf00f6e24e08eba436dbc76691c9;1;False
69e83b9257234ffdced3c24fec8f9b24;1;False
7884567da4cb54a9f015df6fca9f80ea;1;False
d43ea78276a86039fbb1272ee3392358;1;False
1707420a08276191d0f1a032620568ae;1;False
6c6f37649f873c6088464c078b808b0d;1;False
a3f61afaa9148ba8a7bbcb96ca521cac;1;False
3057548c774ef0935a4eec0cb6087ad4;1;False
9a93e05e7988efdc3081789d35c639e5;1;False
5296fbaee039c4110b52e956f58ea82a;4;True
a610fd1e75a3dc28a40dd4315e626b3b;1;False
8f65d3117fe1135d37487ab8fc3caddb;1;False
b18163358f383b752352e7c6f5140fd7;1;False
29366abfa2992820ce08c944e4135bff;1;False
174766cda8940ce91c8eb3651762b746;1;False
79577409bf7e3c7afef97afdf44bc54a;1;False
c11133324b5068003f1c5cd0c6acfba5;1;False
17f6946b16067b4b6a327a341bb90346;1;False
513c420ff08bca645556c85e7916ac2a;1;False
9478bb43e1060f6747290d0ef04b806c;1;False
0e6cb14a8686ce0ace669f1f431d6c39;1;False
c3f972dc1bbb4ad4bb95894240c89544;1;False
e2b32f8fe2e79ac7fb9e71d11d4f4fdd;1;False
7e4b38b59b9c5cafc43485fae131dfbc;1;False
d7919950546282462f1787b8053ed566;1;False
ac1f615930527c8014341f3f00e09a6e;1;False
470313c744734c0011680ccf5e287775;1;False
eaa060d76a837014188bb93fe50e1267;1;False
f38e5a203c0a1a6e86452d95a4b0f150;1;False
d5eb72b9678c620ebcfe629b79dce8fd;1;False
6fbea5b6e884ddb9312c0d40d800dbdd;1;False
9639680a781a4056a8710959b519ba07;7;False
a460fb0ad26247740124c7799932f977;4;True
f4e06729807af3fd0d162790a4a48ef4;1;False
7dcf040b38f0fe25121cc52579d2edcc;4;True
1a245c98b58176144007bd03aec31d1a;1;False
2fd93f74993fcca8a865219acc8b9fb3;1;False
68cb07b4a1e966dc00002e7c869965bf;1;False
3a80f917bd882dcb886cab2a2c1fb304;1;False
a17dc9cab5eb4fe39ac8ed0b399a96b0;1;False
5b77d8181312857a3262bcb776ee8353;1;False
45a759ae390eea0b2e7c17ddaa106af3;1;False
31872f9a8b4b76c5d44c5408f4e8f659;1;False
eaf467770143cab72121ba010163f322;1;False
f5ebd4eb674bf9994742690d3e8f6429;1;False
12e502488fc835ef37f61a161950e7af;1;False
6496d5a0c97a46ba7e471b7586c23110;1;False
66df9bed2a6c4f00e5d833b6c4e87866;1;False
851bd84195c70067d512a303c9304560;1;False
7ace21924f0f809c2bb76368c7a2673e;1;False
7248aaa6ea456ba1282fd02eb49dd1a8;1;False
9791b3de5dae710f05e16785e5fa4b8d;1;False
ad307d0e607683fa8f69589dece92c34;1;False
fd8bec150f295bf869dfdfd602fb952e;1;False
98f2607f075299bdbafdac9219babdb2;4;True
7451990e707f49fc90725036440c4434;1;False
5ce5022f8cc509a1f6001ef8fd037710;1;False
f1388dfd35d30b52bb6ca3d863a50431;1;False
e4f99be8e97341dae433f701ffb038b9;1;False
c0bee8b3ba50e3c0c911036fdd9b8c4c;1;False
633ae3be5d6dfa40e14370cb620530fb;1;False
94bd26eef6e122e2366ebe7dca917f83;1;False
477e81c2aac2ff90b327e495366f8f86;1;False
eb4fa85eaff5a68ab0663ef2a2a76259;1;False
46e9a06056e9503430897b6dff52a589;7;False
210fb3728f9d13b64d1e740662c8aa49;1;False
60fc5beb31162e92ad53062e8909d9a1;1;False
70d07a37a42da69227ef18c76c5e7ab8;1;False
b516c69bf12be02c68909bc0c2b775c6;1;False
9af6c5302fa1334ef0046d73eeba7d1b;1;False
7dba577d0fc5a1156cbdb7780552d842;1;False
bd22259a141fedf267e068d9a28365ee;1;False
61fab660e52c314c875d7852d291c906;1;False
cb6149d3a80e53b32c0c45e7ef421c23;1;False
98cafc65f1899c6830e22d4486e52e02;1;False
67573bcfeee26cd36f6292b3da212293;1;False
8f9a11cccf24b652b9e49c2295f933f1;1;False
ae5892fa21a8fe1906dc1c644ddb4a66;1;False
8f9e5e17741814c85b023b5e13525b0c;1;False
c847202991789e2a949f87c845b009ef;1;False
dda0671a6f273b77d5b2008b9de80c3c;1;False
bcb0acf145983ec40cb3eabd27b0473b;1;False
9e2e8302b1244251a392343be28d114c;1;False
661092685901a240cf4f8811f0251e6c;1;False
cbf096ee86037e0866bc7ba42e4b9959;1;False
4d5c0088f6f819850ab5b8c6493d18dd;1;False
7cefdb4285bf9041b29c46d5c6be01a8;1;False
0a691d12009fb3e2ad98ded426b0282e;1;False
a66a22e6eec35089fc91181a1900ac05;1;False
6b3a8d1a5de485e039eba639b6baabcf;1;False
3e6e720b76c42697536dc77bf2f3ed34;1;False
aed0c7d8496871bd8ddffb044655c73b;1;False
666218ff63b6a3d526640e93528bb702;1;False
2a60b822d5f996f370030771bdaa5067;4;True
013974027580241c9316f2a19352ef76;1;False
27d70655a552d6769e5f3a1e1fa87fcf;1;False
a412dd22dd26aead36dc91026405abbb;1;False
c26159f3a12dd16923ac7241670ea0c0;1;False
07cde945fac8339aa3fc35462201db63;1;False
75598cb30b92d6b8ad40d026035f8df5;1;False
bb4765d8929e59e7fceab9531a599caa;1;False
61d8ae283d943968c006e725cff315f5;4;True
35ccf8649562601a69527b1612cacb96;1;False
8449371b996694a4074ac1f2d97fd1ac;1;False
f3db15e82eb6c4e09db7b808bef2992d;1;False
7a794921840e05dfc5482b4af5f84216;1;False
3133f116d6bc79113f242c9956bd896f;1;False
a5e206d7fecd9cf344bc998db7edcad5;1;False
35a7e2a1ea9173f10663bdc2ec9b0f2d;1;False
a7635c1318f86742f93c4e46a96cbab6;1;False
5464ee4ef790013f0caa5d16d72ae7fc;1;False
f5193304e9d5169074991432a239a8d1;1;False
6c39cc83dde6079f3099251a289bc8d2;1;False
96597d4f6543f50f6d407a918da21d1a;1;False
bad9b441d8c1637e3bb9b7bf0eef1ae5;1;False
30286a2bce6fdc59761feda42a2dd489;1;False
aeb0a813ab9d935cfcc63b647cc621e5;1;False
62c206e1238acf99b33906437504996f;4;True
9d03a29900142b9f62725205878fbf39;7;False
f7da781ca1e4fc833012ca3497660202;1;False
2497dc963b39547a388ecb2b52c915d3;1;False
c9af9873b6a36cb330615be695100d37;1;False
2205a4d64295a8b00abf2a8c2a829623;1;False
fc919cb12073827d26bd585c662bac54;1;False
35d38c7e7afa5a8ac2c33f698be1ac1b;1;False
9a62eba760d00e935bbd272831125801;1;False
4d86b231255cb47902696d407896c85a;1;False
cb577a5ce1fea86e3b8761543b852dda;1;False
a0b546528047b2b20d8fe940681499cf;1;False
f55596224829f6dd261ea98e42b9b5f9;1;False
9868780519e0c3c805f30f48aca5d85b;1;False
4e711bbaf8ffaad2eda05ce39dc28a48;1;False
dc79fcc2a60c8a6c30bef035673d1828;1;False
6259da5e23a8c616779f9a40e7a8fcfb;1;False
8aa4e4c4ae4f63d9a382c1a9c74eb42f;1;False
424d239651e0acd823863eb522d6d3b8;1;False
b39a387ce2154fcc8e14497ab3c28df2;1;False
b7e1977f8714f165b46265c8c1ab77b3;1;False
2b7dfee5689bd21b90afa3f8b25da628;1;False
e549aa126caf10ea596b967a7c0f6295;1;False
e7042ba19d5ee90a5691199f4fbab9f3;7;False
828fc12d0856f4e23f70bc3ed92a9990;7;False
2a70c233bfe3866a1944568895ef9697;1;False
4b70451b660ee9f7969bb711a4735c6f;4;True
5d12b389f719470802ab1069c2b27f92;1;False
3e69c7f6405c5272277e38e3f877afc5;1;False
ca5b6e36637856d6df86c19fd8eefaf3;1;False
f13c79a01c1213046c4725970c9b20aa;1;False
cc5de2c59e4e5ccdc558510e1350bdba;1;False
67843713052b72a2e2852fdf799b8f7d;4;True
c3594afc226744ac3ccdffc826bc7daa;1;False
09c8b1cbb0bb35ce87666901fec008e2;4;True
e43fee59b4222e7bcf0dfe0f9019116a;7;False
06f2fa5cb09005f8d3da84105b4be6d7;1;False
f064139c0dcdf8cac720b5226f580e33;1;False
5e68b935a0ec52b09bbed1d148fc5e35;7;False
a9819d6a51a9f3636d5f81e186b36fb0;1;False
7763b8e87260b6d08eb775db82457a7b;4;True
3b5c249d6e58a167e58ace69edc09716;4;True
4355a99167346ee2d908cb33534e177b;1;False
bcf6eaf59177eec66b80ec40bc33bff1;1;False
db7bfd4ba59828deabece3003698e597;1;False
6e66dd666b53346124e1d03da9efa5f0;1;False
22a77ec1ff8fa8bb567ef9db77666dc2;1;False
8a54d08517445810d6c59d8000afd1ae;1;False
9c5d2add0942bffffa6fbc254efbfadd;1;False
ce963f9a6c7e6000baff621ac23a8348;1;False
4dc53c6ad02acad4136afccf9d496d0b;1;False
d81ed9c5a3c446cd2a0c0b72bb7cbe31;1;False
487958f16dc053f01e0b63cf7c71f6f4;1;False
50e955fcfe121c86b047472153b441e0;1;False
8c659a3cade655e50d32e42259f38f73;4;True
7e86f8bb9ddb5a1c45612575e1c801f0;1;False
95cc939db7100de396da394317e28d1c;4;True
3dc530328265c642403c31f95e316893;1;False
47e5a34ca5b00a5c03eb9089cca9ddb7;1;False
e9fedc80f328412d03d9c00e3b1d3402;1;False
45143692cab57498febd4e8331d9bad0;4;True
793b73f688af6e82e9bdb0edcc205184;1;False
af79df4b71fb6d0aa66e64839f7da6d4;1;False
6106f48257236c0fe1281c11698f5c09;1;False
767f05ad09c467135701dbb91432ee2b;1;False
2cd9134675990adb224b8be7689cab3a;1;False
8b3d43143fb1e23a67b41d21f623b2b6;1;False
e5eeec59d1c79c31a08e3dcc7ae0e0d5;7;False
7556d5c064bf6cf1d15933ebea0940ee;1;False
4474acf813c6b46b57c66fd89bfcb77e;1;False
e0dc7808b7484f2310d82fb8384d5501;1;False
d4aec1cfaad6b25a28b6ed94f0c09779;1;False
11da25cf703e504f4d01b89b64e07cea;1;False
aef5f9b8a887617a426631f3491b833e;1;False
5656adab10a670a6dbfa78fbb967df1f;1;False
2671cfd89ee147f65e5de91161502a9a;1;False
85a389b213085653c0653e8b31c8b8fa;1;False
855538bc3fdb467d4f244e45637dddfb;1;False
3a6634e5b79083c034540c477c4bcd53;1;False
871dee725d6aa60496654b66656dbed2;1;False
a790c4b31bf77ca06d5d290149a030bc;1;False
38d5f580b08ea9b8e96c2969c82c2bbd;1;False
b028eab238547378891e95aed6eb6556;4;True
54c7778067f55d53d9ecad9689fe2522;1;False
e17c96aae2a2bd3c6828dcca1cf6e009;1;False
a66569d165474b3f18b8dc3607ca9680;1;False
259f6473a159a782cc6f9aaf2ceda6a1;1;False
c927823cbb73fe91e79f2133d5345b43;1;False
7cfb67b801faaa3b51559f1faf3b052b;1;False
eef111c5158dab16e1672a2744e1ca8d;4;True
58136d0a5de9c72f2aef4f01c177618b;1;False
1fe0bd369ecf5bbd6d5ee1ff4f7ecf36;1;False
1c010ce6c893250168e2efca9dfb360a;1;False
1d419d0f29ecec95f557f7071664b15a;4;True
498a6f549126e79fa4c196bbc0ff0694;4;True
c90e58a544df20be4149a1554a5549fa;4;True
